date,lat,long,soil_water_monthly_85,runoff_monthly_85,rain_monthly_85,agdd_monthly_85,accumswe_monthly_85,pet_monthly_85,deficit_monthly_85,aet_monthly_85,soil_water_monthly_45,runoff_monthly_45,rain_monthly_45,agdd_monthly_45,accumswe_monthly_45,pet_monthly_45,deficit_monthly_45,aet_monthly_45
2020-01-16T05:14:31.916Z,44.702,-110.018,890,0,0,0,1885,0,0,0,414,0,0,0,1900,0,0,0
2020-02-15T15:43:35.747Z,44.702,-110.018,890,15,9,0,2418,0,0,0,414,0,0,0,2194,0,0,0
2020-03-17T02:12:39.578Z,44.702,-110.018,890,166,51,0,2691,0,0,0,451,0,60,0,2623,0,0,0
2020-04-16T12:41:43.409Z,44.702,-110.018,885,2937,295,0,0,96,0,96,808,1395,368,0,1592,0,0,0
2020-05-16T23:10:47.241Z,44.702,-110.018,866,834,1127,18,12,446,9,438,862,2283,939,174,0,368,13,353
2020-06-16T09:39:51.072Z,44.702,-110.018,839,650,913,456,0,629,38,592,801,982,1201,514,0,630,61,569
2020-07-16T20:08:54.903Z,44.702,-110.018,395,0,65,2676,0,1064,559,509,400,0,178,1858,0,926,416,511
2020-08-16T06:37:58.734Z,44.702,-110.018,189,0,517,4456,0,874,496,373,212,0,338,3397,0,834,477,353
2020-09-15T17:07:02.565Z,44.702,-110.018,435,0,503,0,0,522,154,369,187,0,36,26,0,501,365,138
2020-10-16T03:36:06.397Z,44.702,-110.018,680,120,251,18,19,46,7,40,345,0,218,93,203,56,20,36
2020-11-15T14:05:10.228Z,44.702,-110.018,886,157,85,18,807,29,0,28,667,0,158,93,1166,0,0,0
2020-12-16T00:34:14.059Z,44.702,-110.018,890,0,0,18,1266,0,0,0,702,0,0,93,1770,0,0,0
2021-01-16T05:14:31.916Z,44.702,-110.018,890,0,0,18,1869,0,0,0,702,0,0,93,2537,0,0,0
2021-02-15T15:43:35.747Z,44.702,-110.018,890,0,0,18,2254,0,0,0,702,0,0,93,3167,0,0,0
2021-03-18T02:12:39.578Z,44.702,-110.018,890,125,32,18,2790,0,0,0,799,610,342,93,3709,0,0,0
2021-04-17T12:41:43.409Z,44.702,-110.018,890,1568,248,18,1840,0,0,0,890,2806,234,93,1312,0,0,0
2021-05-17T23:10:47.241Z,44.702,-110.018,888,2425,676,18,1,193,0,193,882,1964,417,93,3,119,1,118
2021-06-17T09:39:51.072Z,44.702,-110.018,666,0,352,1225,0,905,149,757,811,1,361,627,0,631,50,580
2021-07-17T20:08:54.903Z,44.702,-110.018,344,0,269,2313,0,892,394,495,564,0,508,1885,0,919,204,714
2021-08-17T06:37:58.734Z,44.702,-110.018,201,0,328,3197,0,755,410,341,325,0,311,3263,0,816,346,468
2021-09-16T17:07:02.565Z,44.702,-110.018,307,0,283,3470,0,380,160,222,254,0,257,3849,0,455,264,192
2021-10-17T03:36:06.397Z,44.702,-110.018,456,0,79,109,5,137,70,67,427,0,199,3,150,180,59,121
2021-11-16T14:05:10.228Z,44.702,-110.018,691,0,26,109,407,0,0,0,684,0,83,3,414,36,4,32
2021-12-17T00:34:14.059Z,44.702,-110.018,850,0,147,109,1403,0,0,0,752,0,65,3,962,0,0,0
2022-01-16T05:14:31.916Z,44.702,-110.018,881,0,8,109,2667,0,0,0,857,0,0,3,1320,0,0,0
2022-02-15T15:43:35.747Z,44.702,-110.018,885,20,27,109,3302,0,0,0,877,250,3,3,1295,0,0,0
2022-03-18T02:12:39.578Z,44.702,-110.018,890,523,9,109,3312,0,0,0,890,18,15,3,1651,0,0,0
2022-04-17T12:41:43.409Z,44.702,-110.018,890,2496,521,109,1857,0,0,0,881,1987,370,3,0,169,4,166
2022-05-17T23:10:47.241Z,44.702,-110.018,882,2729,962,125,3,230,4,226,876,1104,1333,4,0,421,4,415
2022-06-17T09:39:51.072Z,44.702,-110.018,812,494,850,558,0,667,39,625,795,0,646,894,0,867,52,814
2022-07-17T20:08:54.903Z,44.702,-110.018,494,0,510,1587,0,883,233,651,488,0,276,2289,0,928,330,596
2022-08-17T06:37:58.734Z,44.702,-110.018,521,0,837,2602,0,768,164,603,389,0,605,3427,0,789,277,513
2022-09-16T17:07:02.565Z,44.702,-110.018,632,0,277,2907,0,437,93,347,566,0,494,3668,0,473,110,361
2022-10-17T03:36:06.397Z,44.702,-110.018,680,0,117,0,0,225,46,177,658,0,244,0,25,180,37,141
2022-11-16T14:05:10.228Z,44.702,-110.018,860,33,99,0,160,30,0,30,826,106,3,0,657,0,0,0
2022-12-17T00:34:14.059Z,44.702,-110.018,890,353,124,0,986,0,0,0,890,20,20,0,1732,0,0,0
2023-01-16T05:14:31.916Z,44.702,-110.018,890,195,61,0,2051,0,0,0,890,7,1,0,2716,0,0,0
2023-02-15T15:43:35.747Z,44.702,-110.018,890,348,60,0,2411,0,0,0,890,0,0,0,2937,0,0,0
2023-03-18T02:12:39.578Z,44.702,-110.018,890,453,65,0,2396,0,0,0,890,106,85,0,3252,0,0,0
2023-04-17T12:41:43.409Z,44.702,-110.018,890,2715,506,0,419,0,0,0,890,2391,165,0,1248,0,0,0
2023-05-17T23:10:47.241Z,44.702,-110.018,880,949,500,0,0,216,3,215,868,1686,582,0,0,257,7,248
2023-06-17T09:39:51.072Z,44.702,-110.018,838,156,587,389,0,616,33,586,781,0,631,510,0,763,54,710
2023-07-17T20:08:54.903Z,44.702,-110.018,514,0,453,2018,0,974,285,689,670,0,560,1490,0,864,126,744
2023-08-17T06:37:58.734Z,44.702,-110.018,356,0,449,3061,0,769,316,457,433,0,251,2221,0,695,241,449
2023-09-16T17:07:02.565Z,44.702,-110.018,645,251,733,3219,0,317,88,228,461,0,544,2345,0,395,107,289
2023-10-17T03:36:06.397Z,44.702,-110.018,876,586,576,0,34,183,0,181,637,0,145,0,0,227,49,180
2023-11-16T14:05:10.228Z,44.702,-110.018,890,262,21,0,10,3,0,3,812,151,184,0,765,18,0,17
2023-12-17T00:34:14.059Z,44.702,-110.018,890,93,83,0,472,0,0,0,890,0,0,0,1291,0,0,0
2024-01-16T05:14:31.916Z,44.702,-110.018,890,113,87,0,1186,0,0,0,890,121,70,0,1610,0,0,0
2024-02-15T15:43:35.747Z,44.702,-110.018,890,8,8,0,1639,0,0,0,890,96,52,0,2254,0,0,0
2024-03-17T02:12:39.578Z,44.702,-110.018,890,384,73,0,1593,0,0,0,890,370,53,0,2573,0,0,0
2024-04-16T12:41:43.409Z,44.702,-110.018,888,2497,856,0,0,83,0,83,881,2929,221,0,0,87,2,83
2024-05-16T23:10:47.241Z,44.702,-110.018,822,271,196,201,0,410,48,362,869,752,996,21,0,381,6,375
2024-06-16T09:39:51.072Z,44.702,-110.018,686,0,739,923,0,814,94,717,854,309,581,213,0,505,17,487
2024-07-16T20:08:54.903Z,44.702,-110.018,409,0,82,2916,0,1029,516,517,602,0,564,1495,0,910,157,752
2024-08-16T06:37:58.734Z,44.702,-110.018,181,0,297,4586,0,831,484,347,476,0,335,2285,0,717,229,490
2024-09-15T17:07:02.565Z,44.702,-110.018,184,0,385,0,5,384,220,165,600,218,864,0,6,294,51,241
2024-10-16T03:36:06.397Z,44.702,-110.018,758,474,497,0,82,59,6,53,881,128,189,0,0,139,0,137
2024-11-15T14:05:10.228Z,44.702,-110.018,890,114,49,0,283,0,0,0,883,24,74,0,568,27,0,27
2024-12-16T00:34:14.059Z,44.702,-110.018,890,0,0,0,1162,0,0,0,890,194,144,0,1220,0,0,0
2025-01-16T05:14:31.916Z,44.702,-110.018,890,18,18,0,2012,0,0,0,890,111,28,0,1629,0,0,0
2025-02-15T15:43:35.747Z,44.702,-110.018,890,260,50,0,2413,0,0,0,890,388,132,0,2218,0,0,0
2025-03-18T02:12:39.578Z,44.702,-110.018,890,772,184,0,2290,0,0,0,890,177,55,0,2635,0,0,0
2025-04-17T12:41:43.409Z,44.702,-110.018,890,3104,606,0,55,15,0,15,890,764,53,0,2156,0,0,0
2025-05-17T23:10:47.241Z,44.702,-110.018,872,767,1165,22,0,491,4,485,876,2530,588,160,0,310,7,301
2025-06-17T09:39:51.072Z,44.702,-110.018,815,59,581,515,0,750,34,712,787,115,667,979,0,830,57,773
2025-07-17T20:08:54.903Z,44.702,-110.018,541,0,381,1602,0,890,209,680,414,0,172,2757,0,994,434,564
2025-08-17T06:37:58.734Z,44.702,-110.018,299,0,247,2595,0,758,377,377,185,0,224,4123,0,819,490,331
2025-09-16T17:07:02.565Z,44.702,-110.018,516,0,570,2743,0,326,102,222,125,0,74,4317,0,441,322,119
2025-10-17T03:36:06.397Z,44.702,-110.018,850,130,290,0,175,139,9,130,332,0,393,79,136,127,63,64
2025-11-16T14:05:10.228Z,44.702,-110.018,890,214,42,0,484,4,0,4,883,73,61,79,894,11,0,11
2025-12-17T00:34:14.059Z,44.702,-110.018,890,0,0,0,1136,0,0,0,889,0,0,79,1565,0,0,0
2026-01-16T05:14:31.916Z,44.702,-110.018,890,0,0,0,1689,0,0,0,889,258,80,79,2021,0,0,0
2026-02-15T15:43:35.747Z,44.702,-110.018,890,203,133,0,2250,0,0,0,890,45,45,79,3264,0,0,0
2026-03-18T02:12:39.578Z,44.702,-110.018,890,171,168,0,3035,0,0,0,890,79,45,79,3888,0,0,0
2026-04-17T12:41:43.409Z,44.702,-110.018,890,1781,257,0,1661,0,0,0,886,4126,257,79,0,65,1,64
2026-05-17T23:10:47.241Z,44.702,-110.018,885,2538,696,5,0,120,2,116,883,793,851,79,0,295,1,293
2026-06-17T09:39:51.072Z,44.702,-110.018,818,88,694,405,0,732,37,699,885,643,1237,216,0,627,1,624
2026-07-17T20:08:54.903Z,44.702,-110.018,552,0,294,1938,0,955,279,673,709,12,328,1140,0,844,132,709
2026-08-17T06:37:58.734Z,44.702,-110.018,429,0,646,2580,0,719,149,564,335,0,184,2436,0,793,381,408
2026-09-16T17:07:02.565Z,44.702,-110.018,579,0,555,2701,0,275,70,206,210,0,116,2745,0,483,299,184
2026-10-17T03:36:06.397Z,44.702,-110.018,867,308,361,0,669,44,3,40,268,0,294,0,28,155,79,75
2026-11-16T14:05:10.228Z,44.702,-110.018,890,0,0,0,1282,0,0,0,729,81,157,0,202,16,0,15
2026-12-17T00:34:14.059Z,44.702,-110.018,890,100,84,0,2177,0,0,0,890,15,3,0,488,0,0,0
2027-01-16T05:14:31.916Z,44.702,-110.018,890,28,25,0,2742,0,0,0,890,0,0,0,1247,0,0,0
2027-02-15T15:43:35.747Z,44.702,-110.018,890,89,89,0,3298,0,0,0,890,0,0,0,1506,0,0,0
2027-03-18T02:12:39.578Z,44.702,-110.018,890,644,135,0,3371,0,0,0,890,1273,388,0,869,0,0,0
2027-04-17T12:41:43.409Z,44.702,-110.018,890,3556,530,0,465,0,0,0,889,1610,667,0,0,100,0,100
2027-05-17T23:10:47.241Z,44.702,-110.018,840,670,419,79,0,439,21,417,881,794,1071,97,0,399,1,397
2027-06-17T09:39:51.072Z,44.702,-110.018,588,0,311,1008,0,860,196,664,691,14,514,876,0,807,116,690
2027-07-17T20:08:54.903Z,44.702,-110.018,346,0,466,2257,0,910,357,555,506,0,169,2222,0,920,356,561
2027-08-17T06:37:58.734Z,44.702,-110.018,243,0,209,3244,0,743,394,351,213,0,260,3608,0,826,442,385
2027-09-16T17:07:02.565Z,44.702,-110.018,257,0,418,3664,0,453,185,268,199,0,245,3902,0,484,258,221
2027-10-17T03:36:06.397Z,44.702,-110.018,456,0,310,17,3,145,44,101,301,0,243,32,208,158,102,55
2027-11-16T14:05:10.228Z,44.702,-110.018,710,0,16,17,807,0,0,0,734,0,35,32,9,17,0,17
2027-12-17T00:34:14.059Z,44.702,-110.018,710,0,0,17,1274,0,0,0,840,174,81,32,833,0,0,0
2028-01-16T05:14:31.916Z,44.702,-110.018,710,0,0,17,1725,0,0,0,890,0,0,32,1413,0,0,0
2028-02-15T15:43:35.747Z,44.702,-110.018,776,0,39,17,2188,0,0,0,890,42,39,32,2092,0,0,0
2028-03-17T02:12:39.578Z,44.702,-110.018,867,684,115,17,2296,0,0,0,890,643,60,32,1977,0,0,0
2028-04-16T12:41:43.409Z,44.702,-110.018,890,2235,76,17,574,0,0,0,889,2631,411,32,0,37,0,37
2028-05-16T23:10:47.241Z,44.702,-110.018,885,1888,1081,17,0,177,2,174,820,71,441,470,0,615,35,580
2028-06-16T09:39:51.072Z,44.702,-110.018,798,234,554,562,0,633,66,568,811,590,1116,1178,0,687,49,637
2028-07-16T20:08:54.903Z,44.702,-110.018,428,0,236,1995,0,945,389,555,362,0,53,3342,0,1057,579,478
2028-08-16T06:37:58.734Z,44.702,-110.018,279,0,534,3551,0,839,328,513,175,0,275,4899,0,838,502,336
2028-09-15T17:07:02.565Z,44.702,-110.018,321,0,193,0,0,494,258,236,152,0,252,0,0,453,260,193
2028-10-16T03:36:06.397Z,44.702,-110.018,437,0,341,0,93,185,56,126,360,0,187,0,333,76,38,39
2028-11-15T14:05:10.228Z,44.702,-110.018,556,0,7,0,663,0,0,0,398,0,0,0,1566,0,0,0
2028-12-16T00:34:14.059Z,44.702,-110.018,595,0,67,0,1534,0,0,0,398,0,0,0,3218,0,0,0
2029-01-16T05:14:31.916Z,44.702,-110.018,653,0,41,0,2469,0,0,0,398,0,0,0,3938,0,0,0
2029-02-15T15:43:35.747Z,44.702,-110.018,698,0,13,0,3242,0,0,0,398,0,0,0,4309,0,0,0
2029-03-18T02:12:39.578Z,44.702,-110.018,780,996,86,0,2360,0,0,0,447,0,50,0,4435,0,0,0
2029-04-17T12:41:43.409Z,44.702,-110.018,889,2912,566,0,2,44,0,44,833,2093,406,0,2826,0,0,0
2029-05-17T23:10:47.241Z,44.702,-110.018,877,1473,1603,0,0,361,3,357,858,3082,487,0,41,265,9,255
2029-06-17T09:39:51.072Z,44.702,-110.018,832,89,433,355,0,625,30,594,856,510,893,346,0,652,26,624
2029-07-17T20:08:54.903Z,44.702,-110.018,418,0,240,2581,0,1072,416,653,663,8,910,1338,0,876,139,735
2029-08-17T06:37:58.734Z,44.702,-110.018,176,0,199,4707,0,926,620,300,710,73,503,2268,0,753,99,651
2029-09-16T17:07:02.565Z,44.702,-110.018,218,0,262,5324,8,517,302,216,861,413,775,2276,0,293,1,290
2029-10-17T03:36:06.397Z,44.702,-110.018,407,0,383,0,10,61,38,24,871,232,339,7,80,192,0,189
2029-11-16T14:05:10.228Z,44.702,-110.018,887,276,206,0,124,51,0,51,887,559,261,7,433,0,0,0
2029-12-17T00:34:14.059Z,44.702,-110.018,890,211,111,0,1295,0,0,0,890,212,119,7,1135,0,0,0
2030-01-16T05:14:31.916Z,44.702,-110.018,890,26,26,0,2094,0,0,0,890,90,90,7,2556,0,0,0
2030-02-15T15:43:35.747Z,44.702,-110.018,890,0,0,0,2314,0,0,0,890,306,83,7,2934,0,0,0
2030-03-18T02:12:39.578Z,44.702,-110.018,890,180,108,0,2758,0,0,0,890,844,130,7,2818,0,0,0
2030-04-17T12:41:43.409Z,44.702,-110.018,890,2425,321,0,1109,0,0,0,890,3708,715,7,2,10,0,10
2030-05-17T23:10:47.241Z,44.702,-110.018,887,1911,1134,0,0,370,0,370,835,98,568,469,0,671,27,644
2030-06-17T09:39:51.072Z,44.702,-110.018,833,808,1236,440,0,684,34,649,726,0,643,1444,0,872,87,789
2030-07-17T20:08:54.903Z,44.702,-110.018,601,0,422,1460,0,875,196,683,527,0,477,3468,0,1035,312,725
2030-08-17T06:37:58.734Z,44.702,-110.018,331,0,308,3033,0,855,393,458,284,0,395,5029,0,846,355,494
2030-09-16T17:07:02.565Z,44.702,-110.018,251,0,170,3406,0,415,256,160,464,0,514,5276,0,465,129,334
2030-10-17T03:36:06.397Z,44.702,-110.018,568,0,349,0,272,84,37,49,724,394,611,6,3,124,17,108
2030-11-16T14:05:10.228Z,44.702,-110.018,873,191,59,0,538,0,0,0,889,22,24,6,632,4,0,4
2030-12-17T00:34:14.059Z,44.702,-110.018,890,0,0,0,1190,0,0,0,890,0,0,6,1459,0,0,0
2031-01-16T05:14:31.916Z,44.702,-110.018,890,406,406,0,2371,0,0,0,890,111,52,6,1624,0,0,0
2031-02-15T15:43:35.747Z,44.702,-110.018,890,0,0,0,2985,0,0,0,890,133,55,6,1746,0,0,0
2031-03-18T02:12:39.578Z,44.702,-110.018,890,878,179,0,2376,0,0,0,890,903,147,6,1117,0,0,0
2031-04-17T12:41:43.409Z,44.702,-110.018,890,1872,147,0,1111,0,0,0,890,2230,785,6,79,0,0,0
2031-05-17T23:10:47.241Z,44.702,-110.018,859,1711,719,88,0,315,22,296,882,1140,1232,6,0,313,1,313
2031-06-17T09:39:51.072Z,44.702,-110.018,732,64,487,640,0,794,81,711,859,434,1064,313,0,701,10,690
2031-07-17T20:08:54.903Z,44.702,-110.018,598,0,754,1797,0,895,166,730,664,0,428,1255,0,867,142,726
2031-08-17T06:37:58.734Z,44.702,-110.018,449,0,280,3355,0,845,299,542,384,0,324,2795,0,844,340,504
2031-09-16T17:07:02.565Z,44.702,-110.018,303,0,248,3825,0,499,255,245,749,278,1076,2881,15,302,21,282
2031-10-17T03:36:06.397Z,44.702,-110.018,529,0,411,2,6,182,54,129,783,21,113,25,0,262,24,237
2031-11-16T14:05:10.228Z,44.702,-110.018,818,0,36,2,628,32,0,29,849,180,115,25,541,15,1,14
2031-12-17T00:34:14.059Z,44.702,-110.018,829,0,0,2,1446,0,0,0,890,380,157,25,1382,0,0,0
2032-01-16T05:14:31.916Z,44.702,-110.018,829,0,0,2,2025,0,0,0,890,0,0,25,1847,0,0,0
2032-02-15T15:43:35.747Z,44.702,-110.018,832,0,36,2,3151,0,0,0,890,120,120,25,2684,0,0,0
2032-03-17T02:12:39.578Z,44.702,-110.018,870,40,24,2,3826,0,0,0,890,344,193,25,3137,0,0,0
2032-04-16T12:41:43.409Z,44.702,-110.018,890,2435,428,2,2322,0,0,0,890,1366,489,25,2583,0,0,0
2032-05-16T23:10:47.241Z,44.702,-110.018,882,2972,852,2,0,237,0,234,890,3359,636,25,69,52,0,52
2032-06-16T09:39:51.072Z,44.702,-110.018,869,410,839,226,0,589,10,578,872,604,739,123,0,390,6,384
2032-07-16T20:08:54.903Z,44.702,-110.018,764,329,918,1195,0,870,79,791,652,0,503,1503,0,936,134,803
2032-08-16T06:37:58.734Z,44.702,-110.018,469,0,496,2461,0,777,237,541,496,0,854,2333,0,735,168,569
2032-09-15T17:07:02.565Z,44.702,-110.018,496,0,235,0,0,359,114,243,858,602,649,14,0,313,8,304
2032-10-16T03:36:06.397Z,44.702,-110.018,841,517,478,0,324,38,0,37,854,282,441,23,276,136,12,127
2032-11-15T14:05:10.228Z,44.702,-110.018,890,520,126,0,670,5,0,5,889,712,246,23,141,10,0,10
2032-12-16T00:34:14.059Z,44.702,-110.018,890,0,0,0,1496,0,0,0,890,0,0,23,743,0,0,0
2033-01-16T05:14:31.916Z,44.702,-110.018,890,76,20,0,1691,0,0,0,890,18,14,23,1856,0,0,0
2033-02-15T15:43:35.747Z,44.702,-110.018,890,20,8,0,2128,0,0,0,890,1047,1008,23,2443,0,0,0
2033-03-18T02:12:39.578Z,44.702,-110.018,890,762,80,0,1841,0,0,0,890,2826,155,23,124,0,0,0
2033-04-17T12:41:43.409Z,44.702,-110.018,889,2515,452,0,18,37,0,37,850,572,479,26,0,277,13,263
2033-05-17T23:10:47.241Z,44.702,-110.018,826,60,345,234,0,529,29,499,853,473,949,287,0,517,8,507
2033-06-17T09:39:51.072Z,44.702,-110.018,862,635,1399,437,0,712,7,703,760,22,591,1727,0,947,111,833
2033-07-17T20:08:54.903Z,44.702,-110.018,676,0,643,1486,0,883,131,755,336,0,272,4140,0,1099,500,600
2033-08-17T06:37:58.734Z,44.702,-110.018,536,0,273,2553,0,776,208,561,280,0,553,5196,0,767,321,445
2033-09-16T17:07:02.565Z,44.702,-110.018,465,0,353,2965,0,450,124,328,451,0,428,5562,0,420,171,250
2033-10-17T03:36:06.397Z,44.702,-110.018,484,0,169,17,0,223,66,155,822,277,341,0,0,90,6,87
2033-11-16T14:05:10.228Z,44.702,-110.018,835,579,560,17,88,4,0,4,882,0,6,0,1800,13,0,13
2033-12-17T00:34:14.059Z,44.702,-110.018,890,379,136,17,350,0,0,0,889,238,174,0,2542,0,0,0
2034-01-16T05:14:31.916Z,44.702,-110.018,890,413,60,17,455,0,0,0,890,0,0,0,2960,0,0,0
2034-02-15T15:43:35.747Z,44.702,-110.018,890,52,38,17,1061,0,0,0,890,0,0,0,3492,0,0,0
2034-03-18T02:12:39.578Z,44.702,-110.018,889,1448,165,17,0,19,0,19,890,1059,213,0,2814,0,0,0
2034-04-17T12:41:43.409Z,44.702,-110.018,888,755,607,17,0,167,0,167,889,3324,383,0,0,33,0,33
2034-05-17T23:10:47.241Z,44.702,-110.018,880,942,1233,169,0,426,3,423,885,567,570,13,14,196,1,194
2034-06-17T09:39:51.072Z,44.702,-110.018,831,878,1407,895,0,789,46,742,846,469,713,310,0,525,27,496
2034-07-17T20:08:54.903Z,44.702,-110.018,715,0,631,2427,0,962,147,814,482,0,455,2029,0,993,275,715
2034-08-17T06:37:58.734Z,44.702,-110.018,352,0,247,4133,0,869,393,469,365,0,367,3399,0,817,337,480
2034-09-16T17:07:02.565Z,44.702,-110.018,297,0,271,4329,0,339,169,169,451,0,533,3524,0,392,83,307
2034-10-17T03:36:06.397Z,44.702,-110.018,471,0,190,12,0,182,65,117,621,0,161,0,50,96,15,79
2034-11-16T14:05:10.228Z,44.702,-110.018,734,0,106,12,88,12,3,9,773,0,84,0,613,0,0,0
2034-12-17T00:34:14.059Z,44.702,-110.018,888,44,42,12,423,0,0,0,889,108,50,0,1095,0,0,0
2035-01-16T05:14:31.916Z,44.702,-110.018,890,599,265,12,1127,0,0,0,890,0,0,0,1800,0,0,0
2035-02-15T15:43:35.747Z,44.702,-110.018,890,0,0,12,1567,0,0,0,890,0,0,0,2374,0,0,0
2035-03-18T02:12:39.578Z,44.702,-110.018,890,616,65,12,1474,0,0,0,890,1052,141,0,1788,0,0,0
2035-04-17T12:41:43.409Z,44.702,-110.018,880,1971,616,12,31,178,2,173,890,1253,283,0,1185,0,0,0
2035-05-17T23:10:47.241Z,44.702,-110.018,746,191,170,362,0,578,94,484,875,1960,948,81,0,303,5,299
2035-06-17T09:39:51.072Z,44.702,-110.018,655,23,670,1418,0,872,182,695,761,32,534,573,0,680,63,619
2035-07-17T20:08:54.903Z,44.702,-110.018,353,0,260,3467,0,1041,521,520,517,0,402,2488,0,1022,287,739
2035-08-17T06:37:58.734Z,44.702,-110.018,168,0,267,5677,0,934,578,362,358,0,609,4064,0,850,327,523
2035-09-16T17:07:02.565Z,44.702,-110.018,164,0,269,6449,0,494,306,189,429,0,242,4791,0,562,207,354
2035-10-17T03:36:06.397Z,44.702,-110.018,814,520,748,0,86,9,0,9,789,430,783,32,0,149,2,146
2035-11-16T14:05:10.228Z,44.702,-110.018,882,111,25,0,21,40,0,39,885,65,95,32,688,26,0,26
2035-12-17T00:34:14.059Z,44.702,-110.018,890,156,93,0,428,0,0,0,890,172,92,32,1646,0,0,0
2036-01-16T05:14:31.916Z,44.702,-110.018,890,65,34,0,613,0,0,0,890,95,51,32,1955,0,0,0
2036-02-15T15:43:35.747Z,44.702,-110.018,890,152,44,0,1192,0,0,0,890,187,115,32,2334,0,0,0
2036-03-17T02:12:39.578Z,44.702,-110.018,890,1093,79,0,332,0,0,0,890,806,231,32,2519,0,0,0
2036-04-16T12:41:43.409Z,44.702,-110.018,882,786,442,0,0,221,2,218,889,3048,348,32,4,34,0,34
2036-05-16T23:10:47.241Z,44.702,-110.018,876,384,826,110,23,481,4,476,854,352,576,89,1,370,14,355
2036-06-16T09:39:51.072Z,44.702,-110.018,870,804,1270,438,0,628,7,617,835,507,924,447,0,645,23,621
2036-07-16T20:08:54.903Z,44.702,-110.018,665,0,414,1718,0,913,167,749,715,0,734,2248,0,999,96,904
2036-08-16T06:37:58.734Z,44.702,-110.018,327,0,231,3165,0,828,393,431,404,0,219,3581,0,815,328,479
2036-09-15T17:07:02.565Z,44.702,-110.018,461,0,466,0,0,378,102,277,336,0,238,8,0,413,184,233
2036-10-16T03:36:06.397Z,44.702,-110.018,570,0,177,0,0,138,33,106,574,0,339,11,67,106,19,85
2036-11-15T14:05:10.228Z,44.702,-110.018,731,73,200,0,411,25,4,20,716,130,206,11,554,0,0,0
2036-12-16T00:34:14.059Z,44.702,-110.018,890,488,49,0,326,2,0,2,890,25,17,11,879,0,0,0
2037-01-16T05:14:31.916Z,44.702,-110.018,890,99,83,0,835,0,0,0,890,116,85,11,1975,0,0,0
2037-02-15T15:43:35.747Z,44.702,-110.018,890,425,16,0,534,0,0,0,890,168,59,11,2463,0,0,0
2037-03-18T02:12:39.578Z,44.702,-110.018,890,871,213,0,220,0,0,0,890,201,39,11,2947,0,0,0
2037-04-17T12:41:43.409Z,44.702,-110.018,883,899,776,14,0,194,1,193,890,2580,449,11,1017,0,0,0
2037-05-17T23:10:47.241Z,44.702,-110.018,827,351,669,481,0,647,38,611,880,1626,757,19,6,288,3,284
2037-06-17T09:39:51.072Z,44.702,-110.018,599,0,441,1376,0,837,191,643,828,122,457,466,0,620,33,586
2037-07-17T20:08:54.903Z,44.702,-110.018,355,0,334,2258,0,829,337,495,539,0,422,1602,0,897,230,669
2037-08-17T06:37:58.734Z,44.702,-110.018,206,0,206,3388,0,785,475,315,279,0,124,3401,0,881,521,361
2037-09-16T17:07:02.565Z,44.702,-110.018,191,0,289,4062,0,533,270,264,186,0,207,3719,5,472,277,195
2037-10-17T03:36:06.397Z,44.702,-110.018,251,0,149,114,93,199,105,95,391,0,207,0,2,77,17,58
2037-11-16T14:05:10.228Z,44.702,-110.018,734,241,276,114,2,14,0,13,556,0,4,0,1048,0,0,0
2037-12-17T00:34:14.059Z,44.702,-110.018,890,48,12,114,271,2,0,2,565,0,15,0,1424,0,0,0
2038-01-16T05:14:31.916Z,44.702,-110.018,890,185,73,114,1223,0,0,0,646,0,66,0,2139,0,0,0
2038-02-15T15:43:35.747Z,44.702,-110.018,890,0,0,114,1549,0,0,0,682,0,58,0,2690,0,0,0
2038-03-18T02:12:39.578Z,44.702,-110.018,890,1040,329,114,1297,0,0,0,836,679,237,0,2514,0,0,0
2038-04-17T12:41:43.409Z,44.702,-110.018,888,1790,403,114,0,94,0,94,884,3010,533,0,6,104,1,103
2038-05-17T23:10:47.241Z,44.702,-110.018,872,1042,1353,132,8,445,4,443,876,646,984,59,0,461,6,455
2038-06-17T09:39:51.072Z,44.702,-110.018,702,4,458,1300,0,902,118,788,722,0,501,1038,0,879,92,790
2038-07-17T20:08:54.903Z,44.702,-110.018,405,0,237,2793,0,942,407,535,464,0,308,2187,0,898,315,586
2038-08-17T06:37:58.734Z,44.702,-110.018,283,0,472,3800,0,762,323,440,320,0,593,3421,0,744,374,369
2038-09-16T17:07:02.565Z,44.702,-110.018,458,0,435,3963,3,359,104,255,735,0,582,3467,30,335,30,300
2038-10-17T03:36:06.397Z,44.702,-110.018,622,51,332,0,11,131,34,96,886,486,335,0,481,48,0,48
2038-11-16T14:05:10.228Z,44.702,-110.018,890,58,58,0,939,0,0,0,890,2,2,0,904,0,0,0
2038-12-17T00:34:14.059Z,44.702,-110.018,890,9,9,0,1363,0,0,0,890,0,0,0,2034,0,0,0
2039-01-16T05:14:31.916Z,44.702,-110.018,890,41,9,0,1813,0,0,0,890,80,80,0,2708,0,0,0
2039-02-15T15:43:35.747Z,44.702,-110.018,890,25,8,0,2092,0,0,0,890,56,50,0,3149,0,0,0
2039-03-18T02:12:39.578Z,44.702,-110.018,890,1484,295,0,1338,0,0,0,890,75,11,0,3502,0,0,0
2039-04-17T12:41:43.409Z,44.702,-110.018,889,2241,745,0,12,55,0,55,890,4220,636,0,0,13,0,13
2039-05-17T23:10:47.241Z,44.702,-110.018,822,206,581,23,0,558,17,540,875,847,419,43,0,197,8,190
2039-06-17T09:39:51.072Z,44.702,-110.018,859,665,1416,623,0,796,11,781,695,298,472,981,0,756,185,571
2039-07-17T20:08:54.903Z,44.702,-110.018,578,0,260,2445,0,1002,286,718,270,0,264,2872,0,1015,517,498
2039-08-17T06:37:58.734Z,44.702,-110.018,276,0,229,3407,0,760,377,384,151,0,297,4796,0,897,585,311
2039-09-16T17:07:02.565Z,44.702,-110.018,408,0,462,3592,0,347,141,206,202,0,188,4854,0,351,170,181
2039-10-17T03:36:06.397Z,44.702,-110.018,734,170,341,0,115,81,11,69,399,0,361,0,48,157,66,89
2039-11-16T14:05:10.228Z,44.702,-110.018,889,512,208,0,28,18,0,18,763,0,87,0,657,0,0,0
2039-12-17T00:34:14.059Z,44.702,-110.018,890,421,196,0,451,0,0,0,875,35,46,0,1423,0,0,0
2040-01-16T05:14:31.916Z,44.702,-110.018,890,0,0,0,974,0,0,0,890,62,40,0,2170,0,0,0
2040-02-15T15:43:35.747Z,44.702,-110.018,890,0,0,0,1322,0,0,0,890,0,0,0,2692,0,0,0
2040-03-17T02:12:39.578Z,44.702,-110.018,890,415,92,0,1762,0,0,0,890,117,26,0,3089,0,0,0
2040-04-16T12:41:43.409Z,44.702,-110.018,890,2386,248,0,89,0,0,0,890,3485,217,0,73,0,0,0
2040-05-16T23:10:47.241Z,44.702,-110.018,880,766,482,10,0,279,3,275,883,708,802,0,0,287,0,287
2040-06-16T09:39:51.072Z,44.702,-110.018,845,478,1033,399,0,735,28,708,865,211,658,130,0,549,5,540
2040-07-16T20:08:54.903Z,44.702,-110.018,432,0,113,2449,0,1039,462,577,529,0,132,1904,0,996,349,646
2040-08-16T06:37:58.734Z,44.702,-110.018,174,0,221,4695,0,938,618,319,233,0,454,3718,0,877,479,400
2040-09-15T17:07:02.565Z,44.702,-110.018,411,0,562,0,0,323,122,200,455,0,466,0,0,274,92,184
2040-10-16T03:36:06.397Z,44.702,-110.018,728,0,65,0,160,194,25,167,839,687,234,0,100,57,5,52
2040-11-15T14:05:10.228Z,44.702,-110.018,810,300,102,0,713,0,0,0,888,127,38,0,860,28,0,28
2040-12-16T00:34:14.059Z,44.702,-110.018,890,218,88,0,1465,0,0,0,890,0,0,0,1198,0,0,0
2041-01-16T05:14:31.916Z,44.702,-110.018,890,0,0,0,2969,0,0,0,890,52,18,0,1752,0,0,0
2041-02-15T15:43:35.747Z,44.702,-110.018,890,71,71,0,3525,0,0,0,890,0,0,0,2166,0,0,0
2041-03-18T02:12:39.578Z,44.702,-110.018,890,278,164,0,3630,0,0,0,890,95,95,0,2644,0,0,0
2041-04-17T12:41:43.409Z,44.702,-110.018,890,2233,506,0,2173,0,0,0,890,3012,374,0,330,0,0,0
2041-05-17T23:10:47.241Z,44.702,-110.018,875,2776,577,0,0,224,5,221,879,1703,1287,0,0,222,4,219
2041-06-17T09:39:51.072Z,44.702,-110.018,845,475,1187,691,0,756,21,735,828,402,1002,216,0,704,23,682
2041-07-17T20:08:54.903Z,44.702,-110.018,524,0,161,2836,0,1055,351,710,675,0,573,1354,0,898,143,753
2041-08-17T06:37:58.734Z,44.702,-110.018,253,0,373,4433,0,857,429,423,426,0,157,2746,0,819,358,463
2041-09-16T17:07:02.565Z,44.702,-110.018,226,0,172,4818,0,467,247,222,287,0,263,3030,0,420,173,245
2041-10-17T03:36:06.397Z,44.702,-110.018,337,0,172,39,380,150,80,69,542,1,248,0,7,94,40,52
2041-11-16T14:05:10.228Z,44.702,-110.018,782,0,14,39,731,16,0,15,889,464,60,0,0,29,0,29
2041-12-17T00:34:14.059Z,44.702,-110.018,860,0,0,39,1327,0,0,0,890,12,12,0,271,0,0,0
2042-01-16T05:14:31.916Z,44.702,-110.018,860,0,0,39,2283,0,0,0,890,0,0,0,472,0,0,0
2042-02-15T15:43:35.747Z,44.702,-110.018,861,55,8,39,3510,0,0,0,890,140,93,0,1048,0,0,0
2042-03-18T02:12:39.578Z,44.702,-110.018,890,1447,379,39,3225,0,0,0,890,667,134,0,951,0,0,0
2042-04-17T12:41:43.409Z,44.702,-110.018,890,822,348,39,3259,0,0,0,883,1384,547,0,0,206,1,204
2042-05-17T23:10:47.241Z,44.702,-110.018,878,3716,590,55,0,253,3,249,841,529,1174,507,26,688,28,662
2042-06-17T09:39:51.072Z,44.702,-110.018,822,643,1148,652,0,787,44,742,817,324,649,1054,0,706,48,656
2042-07-17T20:08:54.903Z,44.702,-110.018,459,0,241,2695,0,1042,423,619,415,0,160,3086,0,1041,487,552
2042-08-17T06:37:58.734Z,44.702,-110.018,174,0,189,4715,0,915,590,323,160,0,139,4915,0,885,622,265
2042-09-16T17:07:02.565Z,44.702,-110.018,200,0,260,5281,0,517,331,190,167,0,372,5746,106,522,339,183
2042-10-17T03:36:06.397Z,44.702,-110.018,235,0,250,181,0,278,185,93,497,0,135,0,14,149,49,100
2042-11-16T14:05:10.228Z,44.702,-110.018,544,0,33,181,328,10,2,8,801,2,144,0,95,56,1,54
2042-12-17T00:34:14.059Z,44.702,-110.018,820,212,217,181,1167,0,0,0,889,198,99,0,499,4,0,4
2043-01-16T05:14:31.916Z,44.702,-110.018,890,0,0,181,2001,0,0,0,890,30,30,0,1219,0,0,0
2043-02-15T15:43:35.747Z,44.702,-110.018,890,3,3,181,2785,0,0,0,890,19,19,0,1611,0,0,0
2043-03-18T02:12:39.578Z,44.702,-110.018,890,683,28,181,2623,0,0,0,890,1095,148,0,1027,0,0,0
2043-04-17T12:41:43.409Z,44.702,-110.018,890,3257,689,181,214,0,0,0,888,1373,313,0,0,96,0,96
2043-05-17T23:10:47.241Z,44.702,-110.018,855,585,700,452,0,467,13,454,868,137,617,111,0,546,8,537
2043-06-17T09:39:51.072Z,44.702,-110.018,821,508,962,920,0,669,35,634,770,3,574,712,7,781,64,714
2043-07-17T20:08:54.903Z,44.702,-110.018,487,0,280,2698,0,1002,345,659,612,0,482,1563,0,829,156,674
2043-08-17T06:37:58.734Z,44.702,-110.018,285,0,468,4084,0,821,345,474,451,0,362,2378,23,707,266,440
2043-09-16T17:07:02.565Z,44.702,-110.018,312,0,230,4656,0,523,264,263,471,0,232,2725,0,497,155,347
2043-10-17T03:36:06.397Z,44.702,-110.018,560,0,437,102,30,186,37,146,508,0,388,150,12,227,82,143
2043-11-16T14:05:10.228Z,44.702,-110.018,773,0,0,102,746,0,0,0,876,334,117,150,0,12,0,12
2043-12-17T00:34:14.059Z,44.702,-110.018,852,250,181,102,1208,0,0,0,889,19,25,150,442,6,0,6
2044-01-16T05:14:31.916Z,44.702,-110.018,890,0,0,102,1588,0,0,0,890,15,15,150,1160,0,0,0
2044-02-15T15:43:35.747Z,44.702,-110.018,890,0,0,102,2337,0,0,0,890,189,187,150,1619,0,0,0
2044-03-17T02:12:39.578Z,44.702,-110.018,890,535,71,102,2457,0,0,0,890,492,66,150,1532,0,0,0
2044-04-16T12:41:43.409Z,44.702,-110.018,890,2558,440,102,389,0,0,0,890,1991,270,150,89,0,0,0
2044-05-16T23:10:47.241Z,44.702,-110.018,878,1579,884,158,0,249,7,242,873,554,848,216,0,479,5,472
2044-06-16T09:39:51.072Z,44.702,-110.018,776,84,631,1022,0,839,81,757,773,132,601,618,0,758,61,694
2044-07-16T20:08:54.903Z,44.702,-110.018,468,0,357,2615,0,968,348,618,430,0,348,2468,0,1009,358,650
2044-08-16T06:37:58.734Z,44.702,-110.018,218,0,349,4743,0,919,535,389,279,0,358,3606,0,780,332,448
2044-09-15T17:07:02.565Z,44.702,-110.018,547,0,665,0,0,475,91,385,268,0,316,0,0,367,232,131
2044-10-16T03:36:06.397Z,44.702,-110.018,694,378,595,19,6,194,53,139,613,11,234,54,0,153,51,103
2044-11-15T14:05:10.228Z,44.702,-110.018,890,370,61,19,120,6,0,6,889,110,45,54,473,5,0,5
2044-12-16T00:34:14.059Z,44.702,-110.018,890,0,0,19,509,0,0,0,890,558,195,54,892,0,0,0
2045-01-16T05:14:31.916Z,44.702,-110.018,890,191,11,19,627,0,0,0,890,0,0,54,1309,0,0,0
2045-02-15T15:43:35.747Z,44.702,-110.018,890,246,158,19,1351,0,0,0,890,0,0,54,1703,0,0,0
2045-03-18T02:12:39.578Z,44.702,-110.018,890,544,60,19,1499,0,0,0,890,576,80,54,1693,0,0,0
2045-04-17T12:41:43.409Z,44.702,-110.018,878,1909,497,19,0,140,1,137,889,2323,459,54,0,24,0,24
2045-05-17T23:10:47.241Z,44.702,-110.018,817,400,563,459,0,526,48,476,878,1192,1338,87,0,309,5,303
2045-06-17T09:39:51.072Z,44.702,-110.018,820,838,1670,984,0,718,29,688,806,195,607,368,0,681,46,637
2045-07-17T20:08:54.903Z,44.702,-110.018,506,0,98,2831,0,990,402,588,523,0,393,1739,0,930,283,648
2045-08-17T06:37:58.734Z,44.702,-110.018,220,0,261,4716,0,883,486,401,377,0,491,2628,0,742,252,488
2045-09-16T17:07:02.565Z,44.702,-110.018,214,0,400,5350,0,465,258,205,357,0,163,2853,0,461,211,250
2045-10-17T03:36:06.397Z,44.702,-110.018,628,560,621,0,0,67,18,50,320,0,83,51,411,156,95,62
2045-11-16T14:05:10.228Z,44.702,-110.018,888,5,25,0,435,21,0,20,370,0,34,51,1361,0,0,0
2045-12-17T00:34:14.059Z,44.702,-110.018,890,44,44,0,761,0,0,0,460,0,55,51,1756,0,0,0
2046-01-16T05:14:31.916Z,44.702,-110.018,890,546,160,0,752,0,0,0,483,0,0,51,2610,0,0,0
2046-02-15T15:43:35.747Z,44.702,-110.018,890,346,107,0,1030,0,0,0,507,0,117,51,2766,0,0,0
2046-03-18T02:12:39.578Z,44.702,-110.018,890,955,144,0,691,0,0,0,885,2511,582,51,844,0,0,0
2046-04-17T12:41:43.409Z,44.702,-110.018,889,1566,693,0,0,15,0,15,886,2029,730,51,0,80,1,78
2046-05-17T23:10:47.241Z,44.702,-110.018,871,669,843,24,0,361,7,352,873,378,593,51,0,304,3,300
2046-06-17T09:39:51.072Z,44.702,-110.018,650,0,280,910,0,829,183,644,846,351,959,622,0,750,22,726
2046-07-17T20:08:54.903Z,44.702,-110.018,273,0,148,3152,0,1073,640,434,585,0,436,2524,0,1019,253,763
2046-08-17T06:37:58.734Z,44.702,-110.018,114,0,158,4800,0,860,634,225,273,0,171,3786,0,808,448,358
2046-09-16T17:07:02.565Z,44.702,-110.018,109,0,262,5550,0,476,357,118,254,0,360,4171,0,475,220,256
2046-10-17T03:36:06.397Z,44.702,-110.018,377,0,128,150,457,162,119,42,654,245,437,0,117,78,23,55
2046-11-16T14:05:10.228Z,44.702,-110.018,774,344,151,150,252,0,0,0,890,130,7,0,669,4,0,4
2046-12-17T00:34:14.059Z,44.702,-110.018,890,167,100,150,713,0,0,0,890,30,30,0,1937,0,0,0
2047-01-16T05:14:31.916Z,44.702,-110.018,890,2,2,150,1567,0,0,0,890,199,11,0,2333,0,0,0
2047-02-15T15:43:35.747Z,44.702,-110.018,890,140,47,150,1809,0,0,0,890,283,36,0,2364,0,0,0
2047-03-18T02:12:39.578Z,44.702,-110.018,890,1240,175,150,1218,0,0,0,890,959,253,0,2052,0,0,0
2047-04-17T12:41:43.409Z,44.702,-110.018,870,1512,438,165,0,258,6,253,890,1164,541,0,2141,0,0,0
2047-05-17T23:10:47.241Z,44.702,-110.018,877,729,938,244,23,366,4,361,862,2632,710,19,0,303,11,292
2047-06-17T09:39:51.072Z,44.702,-110.018,763,236,601,930,0,710,73,638,829,666,1217,419,0,718,33,685
2047-07-17T20:08:54.903Z,44.702,-110.018,618,0,807,2511,0,971,163,807,554,0,635,2362,0,1027,216,810
2047-08-17T06:37:58.734Z,44.702,-110.018,446,0,203,4032,0,841,328,512,376,0,169,3651,0,805,362,441
2047-09-16T17:07:02.565Z,44.702,-110.018,310,0,232,4791,0,540,280,260,230,0,245,4031,0,474,254,221
2047-10-17T03:36:06.397Z,44.702,-110.018,791,0,550,15,0,153,10,140,697,81,600,0,0,124,26,97
2047-11-16T14:05:10.228Z,44.702,-110.018,865,382,237,15,210,31,0,30,886,505,300,0,2,33,0,33
2047-12-17T00:34:14.059Z,44.702,-110.018,890,73,67,15,768,0,0,0,888,47,31,0,693,5,0,5
2048-01-16T05:14:31.916Z,44.702,-110.018,890,53,53,15,1146,0,0,0,890,187,148,0,1336,0,0,0
2048-02-15T15:43:35.747Z,44.702,-110.018,890,0,0,15,2193,0,0,0,890,313,202,0,1855,0,0,0
2048-03-17T02:12:39.578Z,44.702,-110.018,890,161,32,15,2682,0,0,0,890,1292,215,0,1068,0,0,0
2048-04-16T12:41:43.409Z,44.702,-110.018,890,3086,339,15,179,0,0,0,888,1660,484,0,0,122,0,122
2048-05-16T23:10:47.241Z,44.702,-110.018,854,758,672,141,0,406,17,386,864,626,823,29,0,350,10,341
2048-06-16T09:39:51.072Z,44.702,-110.018,855,176,1008,755,0,807,12,796,816,28,690,730,0,813,28,782
2048-07-16T20:08:54.903Z,44.702,-110.018,509,0,207,2161,0,937,318,621,498,0,49,2498,0,963,418,548
2048-08-16T06:37:58.734Z,44.702,-110.018,470,0,871,3386,0,802,188,612,203,0,391,3771,0,800,466,335
2048-09-15T17:07:02.565Z,44.702,-110.018,812,607,1139,0,0,347,21,326,423,0,301,27,0,463,195,269
2048-10-16T03:36:06.397Z,44.702,-110.018,879,558,575,0,70,150,3,148,407,0,384,137,28,207,114,97
2048-11-15T14:05:10.228Z,44.702,-110.018,889,437,357,0,303,30,0,30,823,121,6,137,108,4,0,4
2048-12-16T00:34:14.059Z,44.702,-110.018,890,10,10,0,1221,0,0,0,889,0,0,137,1008,0,0,0
2049-01-16T05:14:31.916Z,44.702,-110.018,890,0,0,0,1875,0,0,0,889,0,0,137,1713,0,0,0
2049-02-15T15:43:35.747Z,44.702,-110.018,890,172,50,0,2343,0,0,0,889,4,5,137,2599,0,0,0
2049-03-18T02:12:39.578Z,44.702,-110.018,890,1674,324,0,1177,0,0,0,890,66,40,137,2922,0,0,0
2049-04-17T12:41:43.409Z,44.702,-110.018,890,1034,208,0,1385,0,0,0,890,2511,288,137,1214,0,0,0
2049-05-17T23:10:47.241Z,44.702,-110.018,835,1879,367,199,0,406,23,382,875,1613,762,164,0,375,6,368
2049-06-17T09:39:51.072Z,44.702,-110.018,679,0,537,1109,0,840,120,715,737,129,405,837,0,793,128,666
2049-07-17T20:08:54.903Z,44.702,-110.018,396,0,319,3071,0,1027,430,593,405,0,372,2589,0,1000,432,569
2049-08-17T06:37:58.734Z,44.702,-110.018,231,0,309,5391,0,949,535,418,274,0,523,3806,0,797,336,463
2049-09-16T17:07:02.565Z,44.702,-110.018,215,0,319,6483,0,592,330,264,406,0,386,3907,0,422,152,270
2049-10-17T03:36:06.397Z,44.702,-110.018,438,0,402,28,122,186,57,128,693,206,126,24,17,72,30,43
2049-11-16T14:05:10.228Z,44.702,-110.018,850,0,100,28,686,0,0,0,890,555,328,24,489,11,0,11
2049-12-17T00:34:14.059Z,44.702,-110.018,880,242,31,28,1121,0,0,0,890,242,104,24,728,0,0,0
2050-01-16T05:14:31.916Z,44.702,-110.018,890,0,0,28,1924,0,0,0,890,328,165,24,1484,0,0,0
2050-02-15T15:43:35.747Z,44.702,-110.018,890,2,2,28,2676,0,0,0,890,129,53,24,2266,0,0,0
2050-03-18T02:12:39.578Z,44.702,-110.018,890,543,217,28,3049,0,0,0,890,519,50,24,2161,0,0,0
2050-04-17T12:41:43.409Z,44.702,-110.018,890,3806,679,28,2,15,0,15,888,2946,503,24,0,74,0,74
2050-05-17T23:10:47.241Z,44.702,-110.018,853,338,414,33,0,354,16,340,881,763,891,69,0,329,3,323
2050-06-17T09:39:51.072Z,44.702,-110.018,857,542,1237,664,0,765,17,748,684,0,407,951,0,857,133,729
2050-07-17T20:08:54.903Z,44.702,-110.018,750,378,951,1548,0,827,93,735,295,0,72,3202,0,1072,664,408
2050-08-17T06:37:58.734Z,44.702,-110.018,489,0,445,2150,0,705,197,512,146,0,238,4853,0,856,563,294
2050-09-16T17:07:02.565Z,44.702,-110.018,731,93,813,2394,0,484,56,428,132,0,240,5702,0,481,327,158
2050-10-17T03:36:06.397Z,44.702,-110.018,802,481,632,120,104,203,22,182,444,0,319,4,104,124,56,68
2050-11-16T14:05:10.228Z,44.702,-110.018,890,185,167,120,700,0,0,0,832,833,531,4,240,0,0,0
2050-12-17T00:34:14.059Z,44.702,-110.018,890,109,60,120,1540,0,0,0,890,0,0,4,1446,0,0,0
2051-01-16T05:14:31.916Z,44.702,-110.018,890,560,412,120,2576,0,0,0,890,0,0,4,2295,0,0,0
2051-02-15T15:43:35.747Z,44.702,-110.018,890,173,37,120,3356,0,0,0,890,122,33,4,2596,0,0,0
2051-03-18T02:12:39.578Z,44.702,-110.018,890,1373,285,120,2584,0,0,0,890,729,234,4,2635,0,0,0
2051-04-17T12:41:43.409Z,44.702,-110.018,886,3203,556,120,0,92,1,91,884,3005,500,19,0,247,0,246
2051-05-17T23:10:47.241Z,44.702,-110.018,881,533,726,120,0,296,1,294,875,471,1112,290,0,652,7,644
2051-06-17T09:39:51.072Z,44.702,-110.018,878,569,1220,342,0,660,3,655,794,599,1176,1814,0,930,62,867
2051-07-17T20:08:54.903Z,44.702,-110.018,783,100,740,1969,0,977,67,910,684,44,625,2961,0,900,161,738
2051-08-17T06:37:58.734Z,44.702,-110.018,434,0,299,3693,0,871,340,530,338,0,218,4441,0,832,384,452
2051-09-16T17:07:02.565Z,44.702,-110.018,373,0,460,4105,0,424,160,262,348,0,583,4704,0,382,149,235
2051-10-17T03:36:06.397Z,44.702,-110.018,761,48,318,17,51,181,29,152,806,48,409,0,294,154,11,142
2051-11-16T14:05:10.228Z,44.702,-110.018,889,330,134,17,245,9,0,9,890,298,11,0,219,0,0,0
2051-12-17T00:34:14.059Z,44.702,-110.018,889,381,95,17,495,6,0,6,890,43,43,0,1417,0,0,0
2052-01-16T05:14:31.916Z,44.702,-110.018,890,0,0,17,743,0,0,0,890,467,219,0,1731,0,0,0
2052-02-15T15:43:35.747Z,44.702,-110.018,890,454,46,17,585,0,0,0,890,58,58,0,2523,0,0,0
2052-03-17T02:12:39.578Z,44.702,-110.018,890,867,215,17,350,0,0,0,890,985,80,0,2033,0,0,0
2052-04-16T12:41:43.409Z,44.702,-110.018,874,489,264,17,0,200,1,198,889,2436,396,0,11,20,0,20
2052-05-16T23:10:47.241Z,44.702,-110.018,808,369,507,153,0,423,42,382,862,383,322,78,0,362,15,349
2052-06-16T09:39:51.072Z,44.702,-110.018,483,0,286,1612,0,939,307,633,696,0,445,1336,0,877,163,717
2052-07-16T20:08:54.903Z,44.702,-110.018,273,0,479,3744,0,1055,522,533,291,0,173,3323,0,1035,563,469
2052-08-16T06:37:58.734Z,44.702,-110.018,205,0,330,5890,0,922,490,431,152,0,382,5144,0,877,438,443
2052-09-15T17:07:02.565Z,44.702,-110.018,140,0,174,0,0,545,353,187,464,0,764,0,65,422,94,328
2052-10-16T03:36:06.397Z,44.702,-110.018,314,0,287,43,1175,124,76,45,813,329,402,0,0,108,5,103
2052-11-15T14:05:10.228Z,44.702,-110.018,661,0,64,43,1476,0,0,0,868,161,78,0,518,33,0,33
2052-12-16T00:34:14.059Z,44.702,-110.018,794,0,0,43,1902,0,0,0,890,94,46,0,950,0,0,0
2053-01-16T05:14:31.916Z,44.702,-110.018,834,0,23,43,2578,0,0,0,890,0,0,0,1961,0,0,0
2053-02-15T15:43:35.747Z,44.702,-110.018,874,99,34,43,3279,0,0,0,890,539,3,0,1633,0,0,0
2053-03-18T02:12:39.578Z,44.702,-110.018,890,1049,123,43,2457,0,0,0,890,868,199,0,1234,0,0,0
2053-04-17T12:41:43.409Z,44.702,-110.018,886,2998,686,46,1,200,0,198,884,1377,283,0,0,208,0,208
2053-05-17T23:10:47.241Z,44.702,-110.018,876,1161,1528,138,18,431,4,424,873,976,1461,94,0,568,5,562
2053-06-17T09:39:51.072Z,44.702,-110.018,843,449,1119,703,0,781,22,759,715,0,422,1541,0,946,138,807
2053-07-17T20:08:54.903Z,44.702,-110.018,765,40,787,1789,0,884,66,818,326,0,228,3601,0,1046,524,520
2053-08-17T06:37:58.734Z,44.702,-110.018,498,0,181,3899,0,923,319,602,129,0,70,5594,0,914,710,196
2053-09-16T17:07:02.565Z,44.702,-110.018,588,114,635,4289,0,393,135,261,73,0,182,6762,0,585,438,147
2053-10-17T03:36:06.397Z,44.702,-110.018,885,1008,875,0,151,96,0,96,288,0,181,0,0,46,9,36
2053-11-16T14:05:10.228Z,44.702,-110.018,887,208,18,0,353,37,0,37,824,99,75,0,107,29,3,25
2053-12-17T00:34:14.059Z,44.702,-110.018,890,298,117,0,1178,0,0,0,890,0,0,0,569,0,0,0
2054-01-16T05:14:31.916Z,44.702,-110.018,890,1020,349,0,1329,0,0,0,890,140,79,0,1241,0,0,0
2054-02-15T15:43:35.747Z,44.702,-110.018,890,312,267,0,1876,0,0,0,890,0,0,0,2100,0,0,0
2054-03-18T02:12:39.578Z,44.702,-110.018,890,818,386,0,2191,0,0,0,890,1338,364,0,1526,0,0,0
2054-04-17T12:41:43.409Z,44.702,-110.018,890,2567,456,0,657,0,0,0,887,1948,544,0,36,152,0,152
2054-05-17T23:10:47.241Z,44.702,-110.018,878,1489,549,0,17,148,5,144,859,489,517,5,0,361,12,349
2054-06-17T09:39:51.072Z,44.702,-110.018,859,330,719,131,0,591,16,576,679,0,544,996,0,840,106,738
2054-07-17T20:08:54.903Z,44.702,-110.018,574,0,418,1826,0,985,234,753,495,0,440,2321,0,921,323,599
2054-08-17T06:37:58.734Z,44.702,-110.018,274,0,264,4285,0,973,479,490,330,0,277,3638,0,799,383,422
2054-09-16T17:07:02.565Z,44.702,-110.018,212,0,216,5264,0,573,337,237,295,0,221,4036,1,403,189,209
2054-10-17T03:36:06.397Z,44.702,-110.018,639,175,461,0,28,12,0,12,525,212,155,0,0,62,29,33
2054-11-16T14:05:10.228Z,44.702,-110.018,890,440,146,0,119,0,0,0,889,252,144,0,257,4,0,4
2054-12-17T00:34:14.059Z,44.702,-110.018,890,0,0,0,379,0,0,0,890,1,1,0,1059,0,0,0
2055-01-16T05:14:31.916Z,44.702,-110.018,890,205,63,0,881,0,0,0,890,0,0,0,1660,0,0,0
2055-02-15T15:43:35.747Z,44.702,-110.018,890,172,39,0,1193,0,0,0,890,0,0,0,2172,0,0,0
2055-03-18T02:12:39.578Z,44.702,-110.018,890,1946,323,0,47,0,0,0,890,1027,212,0,1821,0,0,0
2055-04-17T12:41:43.409Z,44.702,-110.018,888,617,359,0,0,36,0,36,889,2419,539,1,31,57,0,56
2055-05-17T23:10:47.241Z,44.702,-110.018,860,376,839,307,0,556,11,543,842,241,306,166,0,304,28,278
2055-06-17T09:39:51.072Z,44.702,-110.018,773,74,706,1738,0,942,76,865,824,759,1191,824,0,784,57,726
2055-07-17T20:08:54.903Z,44.702,-110.018,397,0,250,3866,0,1050,464,590,519,0,773,2495,0,989,224,763
2055-08-17T06:37:58.734Z,44.702,-110.018,156,0,177,6136,0,943,674,272,794,80,889,3126,0,682,42,641
2055-09-16T17:07:02.565Z,44.702,-110.018,117,0,143,6972,0,541,355,192,835,72,464,3234,0,354,15,339
2055-10-17T03:36:06.397Z,44.702,-110.018,164,0,269,164,0,306,235,73,874,219,326,10,16,177,0,175
2055-11-16T14:05:10.228Z,44.702,-110.018,369,0,180,164,215,113,48,63,887,246,73,10,9,17,0,16
2055-12-17T00:34:14.059Z,44.702,-110.018,444,0,0,164,597,0,0,0,890,314,211,10,707,0,0,0
2056-01-16T05:14:31.916Z,44.702,-110.018,833,339,206,164,635,0,0,0,890,0,0,10,1051,0,0,0
2056-02-15T15:43:35.747Z,44.702,-110.018,890,14,0,164,960,0,0,0,890,198,68,10,1407,0,0,0
2056-03-17T02:12:39.578Z,44.702,-110.018,890,539,180,164,1161,0,0,0,890,400,78,10,1822,0,0,0
2056-04-16T12:41:43.409Z,44.702,-110.018,887,2083,688,167,24,47,0,47,888,2830,809,10,0,96,0,94
2056-05-16T23:10:47.241Z,44.702,-110.018,826,191,317,314,0,474,31,441,883,854,946,18,0,388,0,387
2056-06-16T09:39:51.072Z,44.702,-110.018,553,0,564,1780,0,933,225,705,808,546,804,168,0,523,30,490
2056-07-16T20:08:54.903Z,44.702,-110.018,582,0,563,4015,0,1064,298,769,646,0,845,1402,0,891,109,780
2056-08-16T06:37:58.734Z,44.702,-110.018,274,0,346,5909,0,888,417,469,693,0,608,2445,0,771,104,666
2056-09-15T17:07:02.565Z,44.702,-110.018,202,0,205,27,0,531,277,253,605,0,333,0,23,453,102,352
2056-10-16T03:36:06.397Z,44.702,-110.018,200,0,88,116,0,182,124,60,803,0,284,2,1,205,13,194
2056-11-15T14:05:10.228Z,44.702,-110.018,355,0,187,116,23,45,23,22,880,1,74,2,531,3,0,2
2056-12-16T00:34:14.059Z,44.702,-110.018,605,0,67,116,647,0,0,0,890,201,143,2,1351,0,0,0
2057-01-16T05:14:31.916Z,44.702,-110.018,805,700,301,116,384,0,0,0,890,138,51,2,2126,0,0,0
2057-02-15T15:43:35.747Z,44.702,-110.018,890,0,0,116,856,0,0,0,890,162,9,2,2413,0,0,0
2057-03-18T02:12:39.578Z,44.702,-110.018,890,709,119,116,806,0,0,0,890,236,68,2,2870,0,0,0
2057-04-17T12:41:43.409Z,44.702,-110.018,884,1473,566,116,4,146,0,146,887,3435,430,2,5,50,0,49
2057-05-17T23:10:47.241Z,44.702,-110.018,870,925,1369,275,0,553,10,543,832,268,634,124,3,498,29,467
2057-06-17T09:39:51.072Z,44.702,-110.018,601,0,289,1937,0,991,267,723,835,644,1271,882,0,764,19,745
2057-07-17T20:08:54.903Z,44.702,-110.018,305,0,448,4229,0,1078,482,600,653,0,428,2631,0,965,187,780
2057-08-17T06:37:58.734Z,44.702,-110.018,149,0,96,6128,0,898,656,239,311,0,225,4457,0,886,464,426
2057-09-16T17:07:02.565Z,44.702,-110.018,142,0,299,6807,0,522,357,163,633,0,929,4882,0,496,75,418
2057-10-17T03:36:06.397Z,44.702,-110.018,328,0,174,24,0,171,57,113,852,253,293,0,316,47,3,44
2057-11-16T14:05:10.228Z,44.702,-110.018,599,0,68,24,34,13,4,8,890,27,0,0,1007,0,0,0
2057-12-17T00:34:14.059Z,44.702,-110.018,866,53,113,24,539,0,0,0,890,0,0,0,1367,0,0,0
2058-01-16T05:14:31.916Z,44.702,-110.018,890,475,285,24,1321,0,0,0,890,200,13,0,1299,0,0,0
2058-02-15T15:43:35.747Z,44.702,-110.018,890,579,159,24,1523,0,0,0,890,259,158,0,1624,0,0,0
2058-03-18T02:12:39.578Z,44.702,-110.018,890,1934,264,24,290,0,0,0,890,1622,168,0,1069,0,0,0
2058-04-17T12:41:43.409Z,44.702,-110.018,886,795,712,45,24,279,0,278,880,1935,568,0,0,144,2,138
2058-05-17T23:10:47.241Z,44.702,-110.018,873,390,594,203,0,484,4,478,858,712,1248,95,0,560,8,549
2058-06-17T09:39:51.072Z,44.702,-110.018,790,533,1103,1175,0,858,83,774,853,878,1630,442,0,760,12,749
2058-07-17T20:08:54.903Z,44.702,-110.018,416,0,275,3380,0,1066,421,645,674,0,337,1814,0,934,167,769
2058-08-17T06:37:58.734Z,44.702,-110.018,277,0,502,4717,0,818,393,425,295,0,116,3539,0,869,491,375
2058-09-16T17:07:02.565Z,44.702,-110.018,377,0,305,5206,0,473,184,289,425,0,394,3567,0,365,125,238
2058-10-17T03:36:06.397Z,44.702,-110.018,460,0,126,39,0,202,72,127,634,0,416,5,280,176,33,142
2058-11-16T14:05:10.228Z,44.702,-110.018,666,50,214,39,452,7,1,5,735,0,0,5,930,0,0,0
2058-12-17T00:34:14.059Z,44.702,-110.018,890,556,244,39,800,0,0,0,737,0,2,5,1634,0,0,0
2059-01-16T05:14:31.916Z,44.702,-110.018,890,11,9,39,1365,0,0,0,869,111,208,5,2107,0,0,0
2059-02-15T15:43:35.747Z,44.702,-110.018,890,0,0,39,1698,0,0,0,890,0,0,5,2991,0,0,0
2059-03-18T02:12:39.578Z,44.702,-110.018,890,1547,373,39,1017,0,0,0,890,240,106,5,3544,0,0,0
2059-04-17T12:41:43.409Z,44.702,-110.018,883,1417,447,39,0,149,2,145,890,2918,541,5,1282,0,0,0
2059-05-17T23:10:47.241Z,44.702,-110.018,862,1171,1123,112,0,403,10,395,863,1480,321,17,0,310,11,298
2059-06-17T09:39:51.072Z,44.702,-110.018,541,0,211,1498,0,935,301,637,741,0,664,491,0,746,62,683
2059-07-17T20:08:54.903Z,44.702,-110.018,266,0,344,3928,0,1100,590,509,535,0,288,1833,0,928,291,635
2059-08-17T06:37:58.734Z,44.702,-110.018,135,0,264,5967,0,916,560,357,288,0,102,3128,0,806,479,325
2059-09-16T17:07:02.565Z,44.702,-110.018,86,0,130,6732,0,546,409,136,538,0,926,3341,7,346,48,298
2059-10-17T03:36:06.397Z,44.702,-110.018,244,0,442,389,10,249,161,91,865,95,210,0,99,149,5,143
2059-11-16T14:05:10.228Z,44.702,-110.018,702,0,227,389,710,32,5,26,889,567,327,0,191,23,0,23
2059-12-17T00:34:14.059Z,44.702,-110.018,771,0,16,389,2050,0,0,0,890,148,84,0,441,0,0,0
2060-01-16T05:14:31.916Z,44.702,-110.018,887,376,151,389,2081,0,0,0,890,305,123,0,1320,0,0,0
2060-02-15T15:43:35.747Z,44.702,-110.018,890,258,190,389,2436,0,0,0,890,77,77,0,2289,0,0,0
2060-03-17T02:12:39.578Z,44.702,-110.018,890,669,274,389,2648,0,0,0,890,502,356,0,2751,0,0,0
2060-04-16T12:41:43.409Z,44.702,-110.018,890,3443,665,389,138,0,0,0,890,3252,426,0,11,0,0,0
2060-05-16T23:10:47.241Z,44.702,-110.018,850,307,783,679,0,652,15,638,826,31,533,249,0,560,25,531
2060-06-16T09:39:51.072Z,44.702,-110.018,661,0,382,1790,0,876,168,709,829,1303,1879,903,0,798,35,764
2060-07-16T20:08:54.903Z,44.702,-110.018,415,0,226,3602,0,984,452,531,564,0,451,2449,0,955,233,724
2060-08-16T06:37:58.734Z,44.702,-110.018,141,0,104,6357,0,1004,745,259,353,0,326,3746,0,800,364,436
2060-09-15T17:07:02.565Z,44.702,-110.018,80,0,130,26,0,626,479,147,340,0,253,0,57,433,207,225
2060-10-16T03:36:06.397Z,44.702,-110.018,81,0,46,239,203,207,176,30,622,178,532,0,45,103,23,81
2060-11-15T14:05:10.228Z,44.702,-110.018,396,0,256,239,446,0,0,0,889,666,201,0,150,6,0,6
2060-12-16T00:34:14.059Z,44.702,-110.018,834,93,96,239,807,0,0,0,890,305,144,0,710,0,0,0
2061-01-16T05:14:31.916Z,44.702,-110.018,890,278,243,239,1880,0,0,0,890,0,0,0,2060,0,0,0
2061-02-15T15:43:35.747Z,44.702,-110.018,890,353,166,239,2237,0,0,0,890,0,0,0,2168,0,0,0
2061-03-18T02:12:39.578Z,44.702,-110.018,890,991,74,239,1771,0,0,0,890,2186,244,0,336,0,0,0
2061-04-17T12:41:43.409Z,44.702,-110.018,887,2708,587,239,0,75,0,75,888,1175,689,0,0,125,0,125
2061-05-17T23:10:47.241Z,44.702,-110.018,881,817,964,240,0,366,1,364,885,1012,1305,38,0,389,1,387
2061-06-17T09:39:51.072Z,44.702,-110.018,797,548,869,1347,0,825,87,737,864,1152,1897,899,0,805,13,791
2061-07-17T20:08:54.903Z,44.702,-110.018,442,0,429,3504,0,1060,391,670,559,0,151,2874,0,1027,327,703
2061-08-17T06:37:58.734Z,44.702,-110.018,240,0,342,5130,0,861,409,451,247,0,289,4258,0,824,404,422
2061-09-16T17:07:02.565Z,44.702,-110.018,292,0,454,5483,0,469,176,291,218,0,405,4894,0,518,284,239
2061-10-17T03:36:06.397Z,44.702,-110.018,695,146,520,8,0,135,27,109,503,0,361,9,85,143,40,102
2061-11-16T14:05:10.228Z,44.702,-110.018,889,608,338,8,411,7,0,7,878,235,246,9,760,19,0,19
2061-12-17T00:34:14.059Z,44.702,-110.018,890,88,88,8,665,0,0,0,890,20,6,9,1498,0,0,0
2062-01-16T05:14:31.916Z,44.702,-110.018,890,47,28,8,1161,0,0,0,890,0,0,9,1910,0,0,0
2062-02-15T15:43:35.747Z,44.702,-110.018,890,128,56,8,1455,0,0,0,890,382,162,9,2030,0,0,0
2062-03-18T02:12:39.578Z,44.702,-110.018,890,963,258,8,928,0,0,0,890,327,15,9,2515,0,0,0
2062-04-17T12:41:43.409Z,44.702,-110.018,890,1898,936,8,0,129,0,129,890,2878,685,9,411,0,0,0
2062-05-17T23:10:47.241Z,44.702,-110.018,887,1305,1012,24,0,223,0,223,795,516,541,178,0,533,34,499
2062-06-17T09:39:51.072Z,44.702,-110.018,730,46,455,1029,0,851,107,740,802,661,1133,750,0,709,48,662
2062-07-17T20:08:54.903Z,44.702,-110.018,315,0,86,3591,0,1121,653,470,456,0,311,3124,0,1093,396,698
2062-08-17T06:37:58.734Z,44.702,-110.018,123,0,176,5522,0,893,634,260,261,0,269,4425,0,808,433,372
2062-09-16T17:07:02.565Z,44.702,-110.018,140,0,297,6002,0,483,302,178,220,0,362,5258,0,517,307,213
2062-10-17T03:36:06.397Z,44.702,-110.018,510,0,708,24,5,209,57,153,598,0,309,41,1,143,37,108
2062-11-16T14:05:10.228Z,44.702,-110.018,888,301,273,24,72,46,0,45,886,430,405,41,713,23,0,23
2062-12-17T00:34:14.059Z,44.702,-110.018,890,225,99,24,1249,0,0,0,890,15,15,41,1149,0,0,0
2063-01-16T05:14:31.916Z,44.702,-110.018,890,314,166,24,1395,0,0,0,890,0,0,41,1458,0,0,0
2063-02-15T15:43:35.747Z,44.702,-110.018,890,459,207,24,1558,0,0,0,890,141,141,41,2754,0,0,0
2063-03-18T02:12:39.578Z,44.702,-110.018,890,1810,352,24,398,0,0,0,890,534,56,41,2447,0,0,0
2063-04-17T12:41:43.409Z,44.702,-110.018,890,1521,514,24,0,17,0,17,890,3249,629,41,12,33,0,33
2063-05-17T23:10:47.241Z,44.702,-110.018,861,702,1029,54,5,384,8,374,882,828,1228,81,0,500,1,498
2063-06-17T09:39:51.072Z,44.702,-110.018,800,619,901,799,0,680,64,615,838,75,777,534,0,776,17,755
2063-07-17T20:08:54.903Z,44.702,-110.018,466,0,287,2435,0,969,362,608,664,0,580,2558,0,1034,160,877
2063-08-17T06:37:58.734Z,44.702,-110.018,193,0,172,4902,0,973,641,329,321,0,146,4836,0,946,516,435
2063-09-16T17:07:02.565Z,44.702,-110.018,121,0,405,5780,0,566,332,233,288,0,310,5497,386,463,244,222
2063-10-17T03:36:06.397Z,44.702,-110.018,707,191,884,18,0,290,33,257,775,226,259,0,209,73,0,72
2063-11-16T14:05:10.228Z,44.702,-110.018,856,135,265,18,385,48,4,43,889,602,66,0,663,5,0,5
2063-12-17T00:34:14.059Z,44.702,-110.018,890,0,0,18,933,0,0,0,890,0,0,0,1153,0,0,0
2064-01-16T05:14:31.916Z,44.702,-110.018,890,812,47,18,540,0,0,0,890,80,49,0,1739,0,0,0
2064-02-15T15:43:35.747Z,44.702,-110.018,890,306,53,18,700,0,0,0,890,728,53,0,1723,0,0,0
2064-03-17T02:12:39.578Z,44.702,-110.018,890,666,261,18,1301,0,0,0,890,779,40,0,1423,0,0,0
2064-04-16T12:41:43.409Z,44.702,-110.018,890,1876,110,20,0,22,0,22,862,1858,426,27,0,235,16,222
2064-05-16T23:10:47.241Z,44.702,-110.018,849,277,952,438,0,688,14,675,860,1038,1819,227,0,641,5,634
2064-06-16T09:39:51.072Z,44.702,-110.018,821,810,1372,1800,0,939,69,869,791,466,946,1203,0,875,75,803
2064-07-16T20:08:54.903Z,44.702,-110.018,400,0,379,4171,0,1090,397,693,474,0,458,2838,0,968,321,648
2064-08-16T06:37:58.734Z,44.702,-110.018,181,0,302,6385,0,933,557,375,395,0,678,4208,0,813,244,571
2064-09-15T17:07:02.565Z,44.702,-110.018,308,0,397,39,0,567,298,270,812,178,703,0,0,295,18,276
2064-10-16T03:36:06.397Z,44.702,-110.018,423,0,277,127,93,214,88,128,833,168,148,25,60,157,8,147
2064-11-15T14:05:10.228Z,44.702,-110.018,832,386,406,127,758,12,0,12,890,77,28,25,715,0,0,0
2064-12-16T00:34:14.059Z,44.702,-110.018,888,1008,219,127,179,15,0,15,890,27,27,25,1108,0,0,0
2065-01-16T05:14:31.916Z,44.702,-110.018,890,56,56,127,731,0,0,0,890,0,0,25,1391,0,0,0
2065-02-15T15:43:35.747Z,44.702,-110.018,890,426,153,127,940,0,0,0,890,500,198,25,1525,0,0,0
2065-03-18T02:12:39.578Z,44.702,-110.018,890,1999,174,127,2,0,0,0,890,412,214,25,1871,0,0,0
2065-04-17T12:41:43.409Z,44.702,-110.018,884,702,474,127,0,113,0,112,890,2265,327,25,186,0,0,0
2065-05-17T23:10:47.241Z,44.702,-110.018,861,1148,1258,291,0,373,12,360,882,549,423,38,1,268,1,265
2065-06-17T09:39:51.072Z,44.702,-110.018,663,0,537,1062,0,813,127,690,759,35,405,1368,0,873,104,764
2065-07-17T20:08:54.903Z,44.702,-110.018,353,0,225,3525,0,1106,512,593,318,0,162,3636,0,1078,577,501
2065-08-17T06:37:58.734Z,44.702,-110.018,146,0,215,6054,0,981,641,344,181,0,330,4987,0,812,460,353
2065-09-16T17:07:02.565Z,44.702,-110.018,99,0,305,6598,41,493,375,117,131,0,193,5805,5,548,410,140
2065-10-17T03:36:06.397Z,44.702,-110.018,486,0,243,0,0,128,27,103,357,0,574,102,0,261,99,164
2065-11-16T14:05:10.228Z,44.702,-110.018,748,179,233,0,105,17,4,13,791,0,70,102,304,30,4,29
2065-12-17T00:34:14.059Z,44.702,-110.018,890,248,24,0,202,0,0,0,862,201,80,102,643,0,0,0
2066-01-16T05:14:31.916Z,44.702,-110.018,890,273,22,0,291,3,0,3,890,208,121,102,990,0,0,0
2066-02-15T15:43:35.747Z,44.702,-110.018,890,2450,1397,0,5,0,0,0,890,271,115,102,1244,0,0,0
2066-03-18T02:12:39.578Z,44.702,-110.018,889,1397,678,0,1,15,0,15,890,636,284,102,1247,0,0,0
2066-04-17T12:41:43.409Z,44.702,-110.018,889,962,1063,0,0,230,0,230,875,1509,196,102,0,151,5,145
2066-05-17T23:10:47.241Z,44.702,-110.018,880,834,1352,87,0,585,1,582,875,654,1104,102,0,404,0,403
2066-06-17T09:39:51.072Z,44.702,-110.018,804,464,986,967,0,826,55,772,775,45,475,731,0,796,76,727
2066-07-17T20:08:54.903Z,44.702,-110.018,394,0,181,3795,0,1161,550,616,465,0,382,2318,0,970,316,649
2066-08-17T06:37:58.734Z,44.702,-110.018,146,0,367,6369,0,985,611,376,217,0,201,4011,0,863,532,328
2066-09-16T17:07:02.565Z,44.702,-110.018,315,0,368,6453,0,393,167,226,266,0,389,4793,0,558,283,274
2066-10-17T03:36:06.397Z,44.702,-110.018,781,764,1084,59,59,129,21,106,476,0,341,57,22,168,51,118
2066-11-16T14:05:10.228Z,44.702,-110.018,890,353,174,59,608,0,0,0,756,0,100,57,332,5,0,5
2066-12-17T00:34:14.059Z,44.702,-110.018,889,745,70,59,396,5,0,5,796,0,61,57,631,0,0,0
2067-01-16T05:14:31.916Z,44.702,-110.018,890,399,67,59,218,0,0,0,865,38,66,57,841,0,0,0
2067-02-15T15:43:35.747Z,44.702,-110.018,890,71,35,59,773,0,0,0,890,31,19,57,1409,0,0,0
2067-03-18T02:12:39.578Z,44.702,-110.018,889,1403,391,59,30,26,0,26,890,1311,485,57,1056,0,0,0
2067-04-17T12:41:43.409Z,44.702,-110.018,886,699,618,59,22,163,0,163,888,1469,362,57,0,92,0,92
2067-05-17T23:10:47.241Z,44.702,-110.018,863,765,1135,324,0,489,20,467,866,509,890,234,0,530,9,521
2067-06-17T09:39:51.072Z,44.702,-110.018,867,552,1255,618,0,721,8,713,754,0,597,1136,0,859,60,800
2067-07-17T20:08:54.903Z,44.702,-110.018,611,0,345,2301,0,983,220,763,546,0,227,2359,0,895,314,582
2067-08-17T06:37:58.734Z,44.702,-110.018,372,0,483,4160,0,889,382,510,209,0,112,3994,0,859,575,285
2067-09-16T17:07:02.565Z,44.702,-110.018,533,0,673,4631,0,483,105,379,162,0,211,4583,0,485,292,196
2067-10-17T03:36:06.397Z,44.702,-110.018,747,0,300,55,0,245,30,216,294,0,192,31,0,150,71,80
2067-11-16T14:05:10.228Z,44.702,-110.018,880,351,167,55,157,7,1,6,647,0,176,31,534,10,2,9
2067-12-17T00:34:14.059Z,44.702,-110.018,889,663,292,55,227,10,0,10,729,0,0,31,916,0,0,0
2068-01-16T05:14:31.916Z,44.702,-110.018,890,63,0,55,778,0,0,0,737,0,0,31,1587,0,0,0
2068-02-15T15:43:35.747Z,44.702,-110.018,890,679,136,55,926,0,0,0,793,0,84,31,2403,0,0,0
2068-03-17T02:12:39.578Z,44.702,-110.018,890,1635,522,55,576,0,0,0,890,923,169,31,2172,0,0,0
2068-04-16T12:41:43.409Z,44.702,-110.018,885,1075,445,55,0,126,0,124,890,1933,235,31,622,0,0,0
2068-05-16T23:10:47.241Z,44.702,-110.018,881,1108,1150,84,0,329,3,326,870,1331,595,31,3,242,7,235
2068-06-16T09:39:51.072Z,44.702,-110.018,785,117,736,1251,0,889,61,828,839,468,913,309,0,568,24,547
2068-07-16T20:08:54.903Z,44.702,-110.018,529,0,492,3503,0,1070,291,780,526,0,241,2123,0,1000,341,659
2068-08-16T06:37:58.734Z,44.702,-110.018,284,0,328,5908,0,957,456,499,263,0,334,3816,0,861,387,473
2068-09-15T17:07:02.565Z,44.702,-110.018,234,0,413,22,0,563,254,313,242,0,359,0,0,514,246,274
2068-10-16T03:36:06.397Z,44.702,-110.018,592,0,407,22,0,165,33,132,524,145,463,0,0,115,53,62
2068-11-15T14:05:10.228Z,44.702,-110.018,811,389,350,22,179,12,2,11,883,296,222,0,31,65,0,62
2068-12-16T00:34:14.059Z,44.702,-110.018,890,48,0,22,430,0,0,0,890,74,57,0,375,0,0,0
2069-01-16T05:14:31.916Z,44.702,-110.018,890,528,120,22,429,0,0,0,890,60,60,0,1728,0,0,0
2069-02-15T15:43:35.747Z,44.702,-110.018,890,867,233,22,30,0,0,0,890,1,1,0,2045,0,0,0
2069-03-18T02:12:39.578Z,44.702,-110.018,890,487,198,22,400,0,0,0,890,200,16,0,2229,0,0,0
2069-04-17T12:41:43.409Z,44.702,-110.018,879,1218,638,22,0,178,2,176,887,2786,478,0,38,58,1,58
2069-05-17T23:10:47.241Z,44.702,-110.018,859,362,1110,769,0,767,10,758,879,855,1292,56,3,529,4,523
2069-06-17T09:39:51.072Z,44.702,-110.018,753,242,690,1957,0,905,99,799,840,245,780,646,0,770,28,739
2069-07-17T20:08:54.903Z,44.702,-110.018,338,0,152,4838,0,1164,653,515,596,0,498,2268,0,972,216,759
2069-08-17T06:37:58.734Z,44.702,-110.018,129,0,272,7070,0,947,599,348,282,0,232,4313,0,914,454,460
2069-09-16T17:07:02.565Z,44.702,-110.018,122,0,244,7947,0,487,349,136,216,0,275,4671,0,505,230,278
2069-10-17T03:36:06.397Z,44.702,-110.018,490,0,231,0,0,169,51,118,353,0,442,9,0,231,81,151
2069-11-16T14:05:10.228Z,44.702,-110.018,735,22,212,0,66,73,9,61,659,20,303,9,201,24,5,20
2069-12-17T00:34:14.059Z,44.702,-110.018,890,433,119,0,1,0,0,0,890,441,73,9,316,0,0,0
2070-01-16T05:14:31.916Z,44.702,-110.018,889,607,391,0,526,13,0,13,890,240,79,9,1053,0,0,0
2070-02-15T15:43:35.747Z,44.702,-110.018,890,1366,566,0,656,0,0,0,890,550,162,9,1335,0,0,0
2070-03-18T02:12:39.578Z,44.702,-110.018,890,1256,422,0,236,0,0,0,890,331,10,9,1402,0,0,0
2070-04-17T12:41:43.409Z,44.702,-110.018,888,842,474,0,156,77,0,75,889,1898,330,11,0,60,0,60
2070-05-17T23:10:47.241Z,44.702,-110.018,873,1064,834,61,0,283,6,276,855,405,746,141,0,536,11,522
2070-06-17T09:39:51.072Z,44.702,-110.018,866,775,1506,706,0,770,8,763,831,97,732,755,0,802,31,773
2070-07-17T20:08:54.903Z,44.702,-110.018,616,0,740,2625,0,1025,144,876,411,0,63,3298,0,1121,559,559
2070-08-17T06:37:58.734Z,44.702,-110.018,665,0,703,4016,0,748,145,602,154,0,222,5300,0,913,585,328
2070-09-16T17:07:02.565Z,44.702,-110.018,827,457,757,4238,0,405,18,384,165,0,404,5869,0,516,304,214
2070-10-17T03:36:06.397Z,44.702,-110.018,875,539,716,11,0,209,2,204,417,0,293,0,160,119,40,82
2070-11-16T14:05:10.228Z,44.702,-110.018,888,507,306,11,120,13,0,12,798,39,199,0,731,0,0,0
2070-12-17T00:34:14.059Z,44.702,-110.018,890,331,117,11,231,0,0,0,890,0,0,0,1534,0,0,0
2071-01-16T05:14:31.916Z,44.702,-110.018,890,321,77,11,680,0,0,0,890,0,0,0,2080,0,0,0
2071-02-15T15:43:35.747Z,44.702,-110.018,890,268,72,11,1167,0,0,0,890,73,39,0,2209,0,0,0
2071-03-18T02:12:39.578Z,44.702,-110.018,889,1425,64,11,0,39,0,39,890,143,42,0,3211,0,0,0
2071-04-17T12:41:43.409Z,44.702,-110.018,875,216,339,44,0,269,4,266,890,3556,424,0,304,0,0,0
2071-05-17T23:10:47.241Z,44.702,-110.018,814,104,859,720,0,729,35,696,881,1189,1219,4,13,384,3,379
2071-06-17T09:39:51.072Z,44.702,-110.018,837,794,1268,1141,0,707,29,678,815,926,1281,563,0,722,50,671
2071-07-17T20:08:54.903Z,44.702,-110.018,416,0,121,3737,0,1128,540,587,622,0,894,2246,0,985,111,873
2071-08-17T06:37:58.734Z,44.702,-110.018,170,0,251,5946,0,933,583,353,575,0,338,3578,0,815,219,591
2071-09-16T17:07:02.565Z,44.702,-110.018,313,0,486,6817,0,568,233,334,602,0,568,4112,0,477,112,362
2071-10-17T03:36:06.397Z,44.702,-110.018,476,0,398,32,0,175,54,121,864,299,550,17,263,100,1,99
2071-11-16T14:05:10.228Z,44.702,-110.018,842,403,553,32,3,74,2,71,890,912,465,17,719,0,0,0
2071-12-17T00:34:14.059Z,44.702,-110.018,890,346,158,32,407,3,0,3,890,0,0,17,1665,0,0,0
2072-01-16T05:14:31.916Z,44.702,-110.018,890,224,19,32,694,0,0,0,890,128,28,17,2562,0,0,0
2072-02-15T15:43:35.747Z,44.702,-110.018,890,67,67,32,1312,0,0,0,890,123,49,17,2799,0,0,0
2072-03-17T02:12:39.578Z,44.702,-110.018,890,383,102,32,1371,0,0,0,890,2581,418,17,1108,0,0,0
2072-04-16T12:41:43.409Z,44.702,-110.018,862,2072,771,131,0,297,14,283,887,1563,498,17,0,150,0,148
2072-05-16T23:10:47.241Z,44.702,-110.018,879,524,1002,396,0,565,2,563,828,0,599,736,0,759,27,726
2072-06-16T09:39:51.072Z,44.702,-110.018,818,104,934,1408,0,873,32,840,844,514,1224,1276,0,762,16,744
2072-07-16T20:08:54.903Z,44.702,-110.018,737,0,650,2603,0,887,85,804,594,0,507,3010,0,993,202,790
2072-08-16T06:37:58.734Z,44.702,-110.018,483,0,204,4598,0,894,333,559,359,0,476,4565,0,842,292,546
2072-09-15T17:07:02.565Z,44.702,-110.018,336,0,426,0,0,538,182,358,351,0,150,1,0,434,204,231
2072-10-16T03:36:06.397Z,44.702,-110.018,468,0,335,49,16,184,88,92,337,0,241,2,13,178,95,79
2072-11-15T14:05:10.228Z,44.702,-110.018,883,400,199,49,257,0,0,0,743,22,229,2,183,29,4,25
2072-12-16T00:34:14.059Z,44.702,-110.018,890,275,55,49,524,0,0,0,890,211,168,2,1122,0,0,0
2073-01-16T05:14:31.916Z,44.702,-110.018,890,60,60,49,1284,0,0,0,890,156,83,2,1523,0,0,0
2073-02-15T15:43:35.747Z,44.702,-110.018,890,286,71,49,1277,0,0,0,890,58,16,2,1795,0,0,0
2073-03-18T02:12:39.578Z,44.702,-110.018,890,1966,498,49,33,0,0,0,890,555,144,2,1831,0,0,0
2073-04-17T12:41:43.409Z,44.702,-110.018,881,414,310,50,0,213,1,212,884,2340,456,2,0,128,1,126
2073-05-17T23:10:47.241Z,44.702,-110.018,868,1481,1875,316,0,607,16,592,849,627,1246,238,0,649,17,630
2073-06-17T09:39:51.072Z,44.702,-110.018,773,74,831,1342,0,857,64,794,798,31,606,1436,0,905,59,843
2073-07-17T20:08:54.903Z,44.702,-110.018,491,0,444,3699,0,1090,335,751,409,0,195,3288,0,1010,452,558
2073-08-17T06:37:58.734Z,44.702,-110.018,263,0,153,6168,0,966,573,397,215,0,473,4885,0,853,377,477
2073-09-16T17:07:02.565Z,44.702,-110.018,240,0,381,6964,0,550,293,256,446,0,538,5254,0,455,135,317
2073-10-17T03:36:06.397Z,44.702,-110.018,432,0,304,148,0,181,83,97,669,0,425,43,55,207,26,177
2073-11-16T14:05:10.228Z,44.702,-110.018,838,68,213,148,656,16,0,16,866,312,170,43,63,10,0,10
2073-12-17T00:34:14.059Z,44.702,-110.018,890,0,0,148,1423,0,0,0,890,356,69,43,880,0,0,0
2074-01-16T05:14:31.916Z,44.702,-110.018,890,672,137,148,1439,0,0,0,890,80,5,43,1354,0,0,0
2074-02-15T15:43:35.747Z,44.702,-110.018,890,417,210,148,1545,0,0,0,890,298,182,43,1875,0,0,0
2074-03-18T02:12:39.578Z,44.702,-110.018,890,1303,137,148,904,0,0,0,890,236,48,43,2935,0,0,0
2074-04-17T12:41:43.409Z,44.702,-110.018,887,1648,795,148,0,121,0,120,890,1972,604,43,1950,0,0,0
2074-05-17T23:10:47.241Z,44.702,-110.018,869,193,566,277,0,442,6,436,853,2592,660,161,0,284,20,262
2074-06-17T09:39:51.072Z,44.702,-110.018,670,10,218,1541,0,880,198,679,520,0,260,1308,0,901,295,609
2074-07-17T20:08:54.903Z,44.702,-110.018,257,0,207,4497,0,1187,708,477,228,0,182,3675,0,1089,669,417
2074-08-17T06:37:58.734Z,44.702,-110.018,259,0,561,6264,0,875,379,493,145,0,414,5322,0,858,472,388
2074-09-16T17:07:02.565Z,44.702,-110.018,226,0,274,6843,0,476,225,251,132,0,116,6272,0,578,404,174
2074-10-17T03:36:06.397Z,44.702,-110.018,518,0,321,13,0,142,59,85,224,0,231,185,0,235,155,81
2074-11-16T14:05:10.228Z,44.702,-110.018,750,330,396,13,272,30,11,19,561,0,324,185,473,25,11,13
2074-12-17T00:34:14.059Z,44.702,-110.018,890,473,249,13,874,0,0,0,740,0,0,185,1813,0,0,0
2075-01-16T05:14:31.916Z,44.702,-110.018,890,416,237,13,1156,0,0,0,749,0,49,185,2033,0,0,0
2075-02-15T15:43:35.747Z,44.702,-110.018,890,249,162,13,1540,0,0,0,815,0,4,185,2323,0,0,0
2075-03-18T02:12:39.578Z,44.702,-110.018,890,1984,324,13,204,0,0,0,878,587,208,185,2281,0,0,0
2075-04-17T12:41:43.409Z,44.702,-110.018,890,1112,643,13,338,15,0,15,887,2876,635,191,0,171,0,170
2075-05-17T23:10:47.241Z,44.702,-110.018,886,2068,1747,13,0,293,0,291,821,100,725,405,0,649,25,623
2075-06-17T09:39:51.072Z,44.702,-110.018,857,722,1201,299,0,631,15,612,840,502,1126,1317,0,854,30,821
2075-07-17T20:08:54.903Z,44.702,-110.018,550,0,560,2992,0,1142,287,854,717,0,726,2598,0,920,98,821
2075-08-17T06:37:58.734Z,44.702,-110.018,305,0,118,5122,0,927,527,403,545,0,422,4034,0,819,213,603
2075-09-16T17:07:02.565Z,44.702,-110.018,454,0,740,5412,0,410,137,277,515,0,751,4734,245,507,166,338
2075-10-17T03:36:06.397Z,44.702,-110.018,695,0,227,73,0,231,36,197,889,1200,433,0,138,27,0,27
2075-11-16T14:05:10.228Z,44.702,-110.018,864,234,246,73,446,43,5,40,889,1010,217,0,8,8,0,8
2075-12-17T00:34:14.059Z,44.702,-110.018,890,687,319,73,785,0,0,0,890,66,66,0,871,0,0,0
2076-01-16T05:14:31.916Z,44.702,-110.018,890,1244,691,73,776,0,0,0,890,432,350,0,1760,0,0,0
2076-02-15T15:43:35.747Z,44.702,-110.018,890,1157,175,73,98,0,0,0,890,463,112,0,1798,0,0,0
2076-03-17T02:12:39.578Z,44.702,-110.018,890,215,54,73,954,9,0,9,890,91,46,0,2629,0,0,0
2076-04-16T12:41:43.409Z,44.702,-110.018,890,1770,631,73,76,18,0,18,890,3019,429,0,557,0,0,0
2076-05-16T23:10:47.241Z,44.702,-110.018,869,776,937,123,0,343,6,337,781,565,173,194,0,560,74,488
2076-06-16T09:39:51.072Z,44.702,-110.018,802,98,609,1249,0,868,73,796,630,0,763,1156,0,879,137,741
2076-07-16T20:08:54.903Z,44.702,-110.018,405,0,352,4160,0,1171,469,703,381,0,373,3908,0,1150,515,632
2076-08-16T06:37:58.734Z,44.702,-110.018,190,0,276,6696,0,977,571,403,239,0,252,5917,0,903,486,416
2076-09-15T17:07:02.565Z,44.702,-110.018,135,0,398,0,0,601,301,300,127,0,128,12,0,613,431,184
2076-10-16T03:36:06.397Z,44.702,-110.018,675,123,612,0,290,73,19,54,285,0,370,16,0,177,76,100
2076-11-15T14:05:10.228Z,44.702,-110.018,890,1191,147,0,314,0,0,0,574,0,94,16,44,8,2,6
2076-12-16T00:34:14.059Z,44.702,-110.018,890,610,258,0,605,9,0,9,649,0,78,16,706,0,0,0
2077-01-16T05:14:31.916Z,44.702,-110.018,890,218,103,0,1469,0,0,0,707,0,0,16,1345,0,0,0
2077-02-15T15:43:35.747Z,44.702,-110.018,890,1711,407,0,281,0,0,0,763,26,70,16,1863,0,0,0
2077-03-18T02:12:39.578Z,44.702,-110.018,887,708,358,0,214,48,0,47,890,899,170,16,1680,0,0,0
2077-04-17T12:41:43.409Z,44.702,-110.018,844,300,266,14,8,238,12,224,888,2603,647,16,0,58,0,57
2077-05-17T23:10:47.241Z,44.702,-110.018,874,608,1011,269,0,528,5,521,864,435,940,64,0,496,8,483
2077-06-17T09:39:51.072Z,44.702,-110.018,708,291,619,1052,0,836,125,710,809,621,1088,559,0,753,48,706
2077-07-17T20:08:54.903Z,44.702,-110.018,427,0,447,3082,0,1033,368,665,520,0,416,1964,0,935,287,651
2077-08-17T06:37:58.734Z,44.702,-110.018,194,0,193,5282,0,932,574,356,334,0,376,3245,0,814,338,473
2077-09-16T17:07:02.565Z,44.702,-110.018,114,0,218,6400,0,604,417,187,241,0,58,4076,0,564,363,196
2077-10-17T03:36:06.397Z,44.702,-110.018,161,0,68,161,865,205,139,69,506,0,169,0,0,67,11,56
2077-11-16T14:05:10.228Z,44.702,-110.018,866,394,22,161,359,38,0,37,841,124,55,0,276,3,0,3
2077-12-17T00:34:14.059Z,44.702,-110.018,890,0,0,161,797,0,0,0,890,0,0,0,710,0,0,0
2078-01-16T05:14:31.916Z,44.702,-110.018,890,0,0,161,919,0,0,0,890,236,70,0,1618,0,0,0
2078-02-15T15:43:35.747Z,44.702,-110.018,890,520,379,161,1767,0,0,0,890,142,137,0,2238,0,0,0
2078-03-18T02:12:39.578Z,44.702,-110.018,890,1607,212,161,687,0,0,0,890,1220,326,0,1794,0,0,0
2078-04-17T12:41:43.409Z,44.702,-110.018,864,970,519,316,0,347,11,337,890,2483,662,0,1,44,0,44
2078-05-17T23:10:47.241Z,44.702,-110.018,793,192,865,1495,0,863,57,807,889,1861,1255,0,32,83,0,82
2078-06-17T09:39:51.072Z,44.702,-110.018,565,0,639,3198,0,954,232,723,785,203,395,326,0,543,46,497
2078-07-17T20:08:54.903Z,44.702,-110.018,400,0,217,5502,0,1078,498,579,402,0,315,2778,0,1108,452,652
2078-08-17T06:37:58.734Z,44.702,-110.018,179,0,469,7562,0,920,457,468,212,0,94,4879,0,921,638,283
2078-09-16T17:07:02.565Z,44.702,-110.018,252,0,291,7967,0,450,263,187,229,0,349,5202,0,408,208,202
2078-10-17T03:36:06.397Z,44.702,-110.018,769,115,664,30,107,153,19,134,329,0,199,41,199,247,110,135
2078-11-16T14:05:10.228Z,44.702,-110.018,889,863,502,30,45,17,0,17,747,63,267,41,471,0,0,0
2078-12-17T00:34:14.059Z,44.702,-110.018,889,407,238,30,18,9,0,9,890,729,220,41,450,0,0,0
2079-01-16T05:14:31.916Z,44.702,-110.018,889,590,175,30,150,0,0,0,890,0,0,41,1085,0,0,0
2079-02-15T15:43:35.747Z,44.702,-110.018,890,482,102,30,241,6,0,6,890,66,23,41,1409,0,0,0
2079-03-18T02:12:39.578Z,44.702,-110.018,889,961,344,30,91,30,0,30,890,754,293,41,1638,0,0,0
2079-04-17T12:41:43.409Z,44.702,-110.018,882,591,326,67,0,177,3,174,887,2909,976,41,0,80,1,79
2079-05-17T23:10:47.241Z,44.702,-110.018,721,9,706,640,0,754,87,669,849,562,526,371,0,389,37,354
2079-06-17T09:39:51.072Z,44.702,-110.018,651,85,502,2429,0,1007,194,814,763,199,1142,1439,0,881,51,830
2079-07-17T20:08:54.903Z,44.702,-110.018,409,0,568,4833,0,1098,409,689,531,0,169,3215,0,976,349,632
2079-08-17T06:37:58.734Z,44.702,-110.018,201,0,154,7390,0,987,630,359,210,0,174,5154,0,896,564,334
2079-09-16T17:07:02.565Z,44.702,-110.018,114,0,299,9168,0,673,466,206,134,0,162,6017,0,552,346,203
2079-10-17T03:36:06.397Z,44.702,-110.018,281,0,216,45,2,215,85,132,390,0,377,44,0,78,17,60
2079-11-16T14:05:10.228Z,44.702,-110.018,578,0,369,45,410,45,10,33,860,408,213,44,108,50,1,46
2079-12-17T00:34:14.059Z,44.702,-110.018,834,0,105,45,1313,0,0,0,890,646,179,44,349,0,0,0
2080-01-16T05:14:31.916Z,44.702,-110.018,886,115,43,45,1812,0,0,0,890,18,18,44,970,0,0,0
2080-02-15T15:43:35.747Z,44.702,-110.018,890,97,41,45,2584,0,0,0,890,1082,444,44,612,0,0,0
2080-03-17T02:12:39.578Z,44.702,-110.018,890,1417,404,45,2135,0,0,0,890,766,298,44,491,0,0,0
2080-04-16T12:41:43.409Z,44.702,-110.018,887,2888,785,45,0,142,0,141,886,1209,521,44,9,78,0,78
2080-05-16T23:10:47.241Z,44.702,-110.018,857,205,793,345,0,651,11,639,889,1604,1545,44,0,206,0,206
2080-06-16T09:39:51.072Z,44.702,-110.018,743,29,594,2004,0,992,123,867,804,253,741,1007,0,828,61,765
2080-07-16T20:08:54.903Z,44.702,-110.018,349,0,251,4232,0,1068,520,550,581,0,494,2876,0,1005,272,738
2080-08-16T06:37:58.734Z,44.702,-110.018,256,0,755,6185,0,903,494,410,326,0,715,4688,0,868,350,520
2080-09-15T17:07:02.565Z,44.702,-110.018,439,0,168,55,0,661,260,400,732,5,601,0,306,349,44,305
2080-10-16T03:36:06.397Z,44.702,-110.018,619,0,319,94,817,99,21,78,846,529,210,0,6,136,7,131
2080-11-15T14:05:10.228Z,44.702,-110.018,873,518,141,94,984,0,0,0,884,137,17,0,228,32,0,32
2080-12-16T00:34:14.059Z,44.702,-110.018,890,1352,470,94,672,0,0,0,890,0,0,0,989,0,0,0
2081-01-16T05:14:31.916Z,44.702,-110.018,890,213,154,94,957,0,0,0,890,0,0,0,1131,0,0,0
2081-02-15T15:43:35.747Z,44.702,-110.018,890,1293,384,94,155,0,0,0,890,174,47,0,1270,0,0,0
2081-03-18T02:12:39.578Z,44.702,-110.018,889,1032,733,94,0,61,0,61,890,1091,220,0,795,0,0,0
2081-04-17T12:41:43.409Z,44.702,-110.018,879,785,850,124,57,149,4,144,876,1594,781,0,0,202,3,199
2081-05-17T23:10:47.241Z,44.702,-110.018,880,702,1143,446,0,594,3,590,880,1393,2041,167,0,656,2,652
2081-06-17T09:39:51.072Z,44.702,-110.018,858,391,1095,1073,0,816,10,802,848,563,1004,729,0,679,21,655
2081-07-17T20:08:54.903Z,44.702,-110.018,556,0,293,3700,0,1129,355,776,710,0,537,1958,0,906,140,766
2081-08-17T06:37:58.734Z,44.702,-110.018,289,0,565,5897,0,938,439,500,438,0,614,3304,0,806,237,569
2081-09-16T17:07:02.565Z,44.702,-110.018,345,0,267,6806,0,532,258,273,553,0,653,3998,0,498,119,376
2081-10-17T03:36:06.397Z,44.702,-110.018,374,0,158,69,0,253,120,133,875,301,254,0,203,79,1,77
2081-11-16T14:05:10.228Z,44.702,-110.018,743,275,441,69,27,27,0,25,890,338,125,0,820,0,0,0
2081-12-17T00:34:14.059Z,44.702,-110.018,889,699,247,69,19,13,0,13,890,0,0,0,1344,0,0,0
2082-01-16T05:14:31.916Z,44.702,-110.018,890,76,69,69,414,0,0,0,890,1100,735,0,2510,0,0,0
2082-02-15T15:43:35.747Z,44.702,-110.018,890,885,201,69,86,0,0,0,890,967,283,0,2262,0,0,0
2082-03-18T02:12:39.578Z,44.702,-110.018,888,891,431,69,0,41,0,40,890,2277,459,0,645,0,0,0
2082-04-17T12:41:43.409Z,44.702,-110.018,872,705,902,72,0,351,3,346,888,1422,649,0,0,95,0,93
2082-05-17T23:10:47.241Z,44.702,-110.018,868,652,1223,592,0,625,10,616,871,855,904,53,2,324,6,316
2082-06-17T09:39:51.072Z,44.702,-110.018,787,542,1083,1481,0,853,64,791,811,725,991,357,0,669,48,621
2082-07-17T20:08:54.903Z,44.702,-110.018,516,0,361,3104,0,969,303,665,465,0,390,2195,0,1007,350,658
2082-08-17T06:37:58.734Z,44.702,-110.018,236,0,341,5551,0,970,493,477,309,0,525,3546,0,818,282,535
2082-09-16T17:07:02.565Z,44.702,-110.018,393,0,669,6580,0,573,214,360,642,0,737,3909,0,473,64,406
2082-10-17T03:36:06.397Z,44.702,-110.018,833,498,927,0,0,159,6,152,880,647,911,76,145,202,2,201
2082-11-16T14:05:10.228Z,44.702,-110.018,889,335,119,0,74,13,0,13,887,222,97,76,415,25,0,25
2082-12-17T00:34:14.059Z,44.702,-110.018,889,702,173,0,545,11,0,11,890,0,0,76,1080,0,0,0
2083-01-16T05:14:31.916Z,44.702,-110.018,890,1119,367,0,70,0,0,0,890,245,132,76,1568,0,0,0
2083-02-15T15:43:35.747Z,44.702,-110.018,889,481,200,0,53,21,0,21,890,65,37,76,2475,0,0,0
2083-03-18T02:12:39.578Z,44.702,-110.018,890,535,226,0,0,12,0,12,890,278,76,76,2870,0,0,0
2083-04-17T12:41:43.409Z,44.702,-110.018,877,897,813,0,0,207,0,206,890,3408,536,76,0,52,0,52
2083-05-17T23:10:47.241Z,44.702,-110.018,887,834,1305,182,0,531,0,531,785,6,440,544,0,676,49,626
2083-06-17T09:39:51.072Z,44.702,-110.018,719,598,946,1652,0,908,142,765,657,129,527,1645,0,870,197,675
2083-07-17T20:08:54.903Z,44.702,-110.018,385,0,318,4073,0,1089,522,565,252,0,115,4048,0,1097,711,386
2083-08-17T06:37:58.734Z,44.702,-110.018,190,0,338,6641,0,984,611,378,106,0,292,5799,0,873,563,311
2083-09-16T17:07:02.565Z,44.702,-110.018,159,0,198,7889,0,602,386,213,343,0,503,6166,0,448,215,236
2083-10-17T03:36:06.397Z,44.702,-110.018,467,0,567,208,0,195,87,107,449,0,202,0,0,197,78,120
2083-11-16T14:05:10.228Z,44.702,-110.018,880,369,391,208,495,35,0,35,582,0,86,0,291,14,4,11
2083-12-17T00:34:14.059Z,44.702,-110.018,890,34,9,208,1176,0,0,0,880,403,162,0,914,0,0,0
2084-01-16T05:14:31.916Z,44.702,-110.018,890,6,6,208,1644,0,0,0,890,97,60,0,1439,0,0,0
2084-02-15T15:43:35.747Z,44.702,-110.018,890,387,171,208,2254,0,0,0,890,852,185,0,1235,0,0,0
2084-03-17T02:12:39.578Z,44.702,-110.018,890,1303,144,208,1450,0,0,0,890,1201,558,0,1237,0,0,0
2084-04-16T12:41:43.409Z,44.702,-110.018,890,2202,602,208,6,19,0,19,888,1715,423,0,0,68,0,68
2084-05-16T23:10:47.241Z,44.702,-110.018,883,925,782,210,0,262,1,260,875,1236,1153,72,14,229,4,225
2084-06-16T09:39:51.072Z,44.702,-110.018,833,401,892,829,0,785,46,739,724,98,580,430,0,702,60,643
2084-07-16T20:08:54.903Z,44.702,-110.018,428,0,341,2629,0,986,347,638,650,269,1181,1803,0,936,156,778
2084-08-16T06:37:58.734Z,44.702,-110.018,236,0,212,5062,0,959,570,395,633,0,346,2894,0,772,136,635
2084-09-15T17:07:02.565Z,44.702,-110.018,192,0,470,0,0,574,281,290,697,171,605,0,0,373,51,324
2084-10-16T03:36:06.397Z,44.702,-110.018,389,0,206,43,11,265,121,143,878,362,117,0,31,96,1,92
2084-11-15T14:05:10.228Z,44.702,-110.018,706,253,351,43,7,19,2,17,890,80,11,0,731,0,0,0
2084-12-16T00:34:14.059Z,44.702,-110.018,890,663,502,43,236,2,0,2,890,198,121,0,1212,0,0,0
2085-01-16T05:14:31.916Z,44.702,-110.018,890,649,168,43,387,0,0,0,890,0,0,0,1390,0,0,0
2085-02-15T15:43:35.747Z,44.702,-110.018,890,319,199,43,1058,0,0,0,890,518,389,0,2087,0,0,0
2085-03-18T02:12:39.578Z,44.702,-110.018,890,2059,428,43,0,19,0,19,890,523,328,0,2587,0,0,0
2085-04-17T12:41:43.409Z,44.702,-110.018,875,405,528,121,0,292,4,286,890,3037,465,0,275,0,0,0
2085-05-17T23:10:47.241Z,44.702,-110.018,865,531,1092,1004,0,717,11,701,851,1141,531,26,0,284,21,262
2085-06-17T09:39:51.072Z,44.702,-110.018,722,47,635,2432,0,950,138,812,835,246,745,318,0,562,26,537
2085-07-17T20:08:54.903Z,44.702,-110.018,313,0,129,5752,0,1242,718,523,516,0,453,2443,0,1052,282,774
2085-08-17T06:37:58.734Z,44.702,-110.018,104,0,248,8530,0,1018,697,312,267,0,179,4368,0,893,508,388
2085-09-16T17:07:02.565Z,44.702,-110.018,151,0,420,10465,0,693,449,243,177,0,168,4679,0,413,267,145
2085-10-17T03:36:06.397Z,44.702,-110.018,415,0,454,255,109,208,98,111,397,0,197,138,0,222,100,121
2085-11-16T14:05:10.228Z,44.702,-110.018,867,1527,601,255,85,4,0,4,745,210,485,140,566,59,14,45
2085-12-17T00:34:14.059Z,44.702,-110.018,890,102,43,255,1205,0,0,0,890,571,85,140,271,0,0,0
2086-01-16T05:14:31.916Z,44.702,-110.018,890,140,39,255,1496,0,0,0,890,0,0,140,656,0,0,0
2086-02-15T15:43:35.747Z,44.702,-110.018,890,343,57,255,1567,0,0,0,890,856,368,140,704,0,0,0
2086-03-18T02:12:39.578Z,44.702,-110.018,890,2100,557,255,687,0,0,0,890,1120,307,140,373,10,0,10
2086-04-17T12:41:43.409Z,44.702,-110.018,884,1459,825,255,0,151,1,150,884,1087,548,140,35,104,0,101
2086-05-17T23:10:47.241Z,44.702,-110.018,841,59,613,813,0,668,24,646,841,207,322,337,0,395,19,377
2086-06-17T09:39:51.072Z,44.702,-110.018,799,100,966,2568,0,1008,53,950,740,0,479,1328,0,836,97,737
2086-07-17T20:08:54.903Z,44.702,-110.018,516,0,217,5029,0,1088,426,664,360,0,281,3682,0,1089,525,567
2086-08-17T06:37:58.734Z,44.702,-110.018,206,0,488,7462,0,969,472,494,163,0,181,6140,0,972,644,326
2086-09-16T17:07:02.565Z,44.702,-110.018,459,0,550,7855,0,489,175,314,212,0,345,7216,0,579,355,219
2086-10-17T03:36:06.397Z,44.702,-110.018,766,158,638,48,0,212,24,186,357,0,206,165,148,173,102,70
2086-11-16T14:05:10.228Z,44.702,-110.018,886,1076,812,48,15,25,0,25,702,265,166,165,283,0,0,0
2086-12-17T00:34:14.059Z,44.702,-110.018,890,385,223,48,290,0,0,0,890,0,0,165,986,0,0,0
2087-01-16T05:14:31.916Z,44.702,-110.018,890,536,229,48,500,0,0,0,890,0,0,165,1089,0,0,0
2087-02-15T15:43:35.747Z,44.702,-110.018,890,1107,292,48,25,0,0,0,890,383,222,165,1780,0,0,0
2087-03-18T02:12:39.578Z,44.702,-110.018,889,753,621,48,313,7,0,7,890,800,229,165,2187,0,0,0
2087-04-17T12:41:43.409Z,44.702,-110.018,883,964,428,100,0,171,3,167,889,3237,787,165,0,60,0,60
2087-05-17T23:10:47.241Z,44.702,-110.018,870,1637,2000,228,0,616,8,610,889,1172,887,165,11,116,0,115
2087-06-17T09:39:51.072Z,44.702,-110.018,801,130,794,1610,0,945,54,891,806,145,384,483,0,593,55,537
2087-07-17T20:08:54.903Z,44.702,-110.018,424,0,151,4021,0,1089,508,581,455,0,373,2337,0,1012,333,678
2087-08-17T06:37:58.734Z,44.702,-110.018,193,0,468,6362,0,954,565,390,210,0,116,4472,0,930,610,317
2087-09-16T17:07:02.565Z,44.702,-110.018,419,0,489,7215,0,567,181,387,137,0,222,4864,3,473,280,190
2087-10-17T03:36:06.397Z,44.702,-110.018,576,390,903,347,0,246,88,162,221,0,241,1,212,212,120,90
2087-11-16T14:05:10.228Z,44.702,-110.018,885,513,545,347,0,112,0,112,534,0,23,1,448,26,5,21
2087-12-17T00:34:14.059Z,44.702,-110.018,890,344,42,347,251,0,0,0,829,525,255,1,412,0,0,0
2088-01-16T05:14:31.916Z,44.702,-110.018,890,547,160,347,120,0,0,0,890,0,0,1,1259,0,0,0
2088-02-15T15:43:35.747Z,44.702,-110.018,890,196,150,347,902,0,0,0,890,302,191,1,1816,0,0,0
2088-03-17T02:12:39.578Z,44.702,-110.018,890,2007,870,347,66,0,0,0,890,574,219,1,1747,0,0,0
2088-04-16T12:41:43.409Z,44.702,-110.018,864,365,442,347,0,323,8,315,890,2637,481,1,0,30,0,30
2088-05-16T23:10:47.241Z,44.702,-110.018,852,245,1004,891,0,760,14,748,866,577,876,26,0,404,8,397
2088-06-16T09:39:51.072Z,44.702,-110.018,789,257,800,1510,0,801,70,730,824,557,968,763,0,770,52,717
2088-07-16T20:08:54.903Z,44.702,-110.018,521,0,478,4602,0,1200,361,840,669,0,602,2805,0,1033,218,813
2088-08-16T06:37:58.734Z,44.702,-110.018,265,0,287,7109,0,967,526,442,447,0,706,4224,0,824,188,637
2088-09-15T17:07:02.565Z,44.702,-110.018,550,0,844,0,22,410,96,314,401,0,194,13,0,550,228,326
2088-10-16T03:36:06.397Z,44.702,-110.018,860,250,436,0,0,142,2,138,368,0,143,128,39,196,71,123
2088-11-15T14:05:10.228Z,44.702,-110.018,886,289,191,0,76,43,0,43,531,0,84,128,596,0,0,0
2088-12-16T00:34:14.059Z,44.702,-110.018,890,300,176,0,637,0,0,0,537,0,0,128,1282,0,0,0
2089-01-16T05:14:31.916Z,44.702,-110.018,890,354,118,0,814,0,0,0,537,0,0,128,1734,0,0,0
2089-02-15T15:43:35.747Z,44.702,-110.018,890,1035,174,0,455,0,0,0,646,0,119,128,2133,0,0,0
2089-03-18T02:12:39.578Z,44.702,-110.018,889,1543,613,0,0,46,0,46,834,960,284,128,1678,0,0,0
2089-04-17T12:41:43.409Z,44.702,-110.018,887,1235,882,0,10,96,0,96,889,2504,836,128,20,91,0,91
2089-05-17T23:10:47.241Z,44.702,-110.018,885,1466,1090,0,0,228,1,227,772,79,379,702,0,654,68,586
2089-06-17T09:39:51.072Z,44.702,-110.018,743,329,877,1414,0,947,95,854,749,358,1240,1449,0,802,90,712
2089-07-17T20:08:54.903Z,44.702,-110.018,359,0,200,3453,0,1040,494,543,522,0,224,4031,0,1126,379,746
2089-08-17T06:37:58.734Z,44.702,-110.018,191,0,498,6250,0,1016,476,541,205,0,152,5470,0,829,537,291
2089-09-16T17:07:02.565Z,44.702,-110.018,170,0,221,7465,0,605,346,257,147,0,273,6220,0,544,376,167
2089-10-17T03:36:06.397Z,44.702,-110.018,275,0,370,109,304,224,117,106,344,0,169,10,0,203,105,102
2089-11-16T14:05:10.228Z,44.702,-110.018,858,238,401,109,743,13,0,13,393,0,54,10,349,74,34,39
2089-12-17T00:34:14.059Z,44.702,-110.018,890,27,0,109,857,0,0,0,406,0,0,10,874,0,0,0
2090-01-16T05:14:31.916Z,44.702,-110.018,890,788,200,109,941,0,0,0,464,0,27,10,2151,0,0,0
2090-02-15T15:43:35.747Z,44.702,-110.018,890,1254,664,109,793,0,0,0,788,531,195,10,1910,0,0,0
2090-03-18T02:12:39.578Z,44.702,-110.018,890,1508,390,109,63,0,0,0,890,998,335,10,1488,0,0,0
2090-04-17T12:41:43.409Z,44.702,-110.018,867,604,449,168,0,269,11,260,889,1960,463,10,0,121,0,121
2090-05-17T23:10:47.241Z,44.702,-110.018,750,439,1057,499,0,579,56,522,881,977,1496,182,0,578,0,576
2090-06-17T09:39:51.072Z,44.702,-110.018,706,0,435,2223,0,1002,158,843,779,513,1011,1155,0,830,63,769
2090-07-17T20:08:54.903Z,44.702,-110.018,262,0,179,5482,0,1230,732,500,419,0,308,3445,0,1081,466,613
2090-08-17T06:37:58.734Z,44.702,-110.018,177,0,449,7909,0,966,547,419,228,0,220,5078,0,859,498,359
2090-09-16T17:07:02.565Z,44.702,-110.018,185,0,293,8856,0,574,322,258,239,0,381,5398,0,423,234,186
2090-10-17T03:36:06.397Z,44.702,-110.018,414,0,627,163,58,246,79,165,591,0,436,18,223,178,40,137
2090-11-16T14:05:10.228Z,44.702,-110.018,886,330,214,163,270,0,0,0,874,337,90,18,300,13,0,13
2090-12-17T00:34:14.059Z,44.702,-110.018,890,349,189,163,788,0,0,0,890,36,6,18,1032,0,0,0
2091-01-16T05:14:31.916Z,44.702,-110.018,890,1921,774,163,221,0,0,0,890,478,34,18,830,0,0,0
2091-02-15T15:43:35.747Z,44.702,-110.018,889,771,264,163,0,16,0,16,890,147,47,18,1114,0,0,0
2091-03-18T02:12:39.578Z,44.702,-110.018,885,796,725,163,1,180,0,179,890,1673,415,18,362,0,0,0
2091-04-17T12:41:43.409Z,44.702,-110.018,876,1344,1087,178,0,318,2,314,888,1078,693,18,72,122,0,122
2091-05-17T23:10:47.241Z,44.702,-110.018,881,1764,1714,206,0,377,3,372,885,994,1198,24,2,371,0,369
2091-06-17T09:39:51.072Z,44.702,-110.018,758,486,940,1037,0,800,85,714,865,762,1454,405,0,733,7,725
2091-07-17T20:08:54.903Z,44.702,-110.018,479,0,479,3452,0,1100,343,754,656,0,341,1881,0,926,184,739
2091-08-17T06:37:58.734Z,44.702,-110.018,244,0,338,5852,0,957,510,452,460,0,436,3454,0,849,332,519
2091-09-16T17:07:02.565Z,44.702,-110.018,180,0,427,7225,0,625,442,185,365,0,397,3813,23,462,175,285
2091-10-17T03:36:06.397Z,44.702,-110.018,654,245,501,129,236,199,42,156,718,168,495,25,0,135,17,119
2091-11-16T14:05:10.228Z,44.702,-110.018,890,1411,898,129,20,28,0,28,888,441,97,25,3,25,0,25
2091-12-17T00:34:14.059Z,44.702,-110.018,890,760,188,129,537,0,0,0,890,40,39,25,353,2,0,2
2092-01-16T05:14:31.916Z,44.702,-110.018,890,46,12,129,1076,0,0,0,890,64,64,25,1201,0,0,0
2092-02-15T15:43:35.747Z,44.702,-110.018,890,1979,697,129,218,0,0,0,890,570,341,25,1409,0,0,0
2092-03-17T02:12:39.578Z,44.702,-110.018,890,1150,564,129,3,8,0,8,890,2152,324,25,1,0,0,0
2092-04-16T12:41:43.409Z,44.702,-110.018,884,872,790,133,0,156,1,155,889,1088,1042,25,0,114,0,114
2092-05-16T23:10:47.241Z,44.702,-110.018,882,1189,1325,241,0,373,2,370,860,680,1302,569,0,696,14,681
2092-06-16T09:39:51.072Z,44.702,-110.018,676,277,685,2478,0,1084,210,875,735,8,609,2300,0,987,116,876
2092-07-16T20:08:54.903Z,44.702,-110.018,293,0,341,5764,0,1230,651,580,347,0,196,5187,0,1167,598,573
2092-08-16T06:37:58.734Z,44.702,-110.018,119,0,226,8724,0,1033,739,293,190,0,571,7481,0,946,503,442
2092-09-15T17:07:02.565Z,44.702,-110.018,186,0,324,60,0,600,355,251,291,0,370,0,1,514,215,295
2092-10-16T03:36:06.397Z,44.702,-110.018,445,20,754,510,0,267,114,152,386,0,242,71,214,242,133,111
2092-11-15T14:05:10.228Z,44.702,-110.018,889,837,795,526,479,49,0,49,805,326,193,71,222,8,0,8
2092-12-16T00:34:14.059Z,44.702,-110.018,890,17,17,526,1681,0,0,0,890,540,180,71,316,0,0,0
2093-01-16T05:14:31.916Z,44.702,-110.018,890,42,42,526,1967,0,0,0,890,411,94,71,232,0,0,0
2093-02-15T15:43:35.747Z,44.702,-110.018,890,186,104,526,2254,0,0,0,889,719,311,71,71,7,0,7
2093-03-18T02:12:39.578Z,44.702,-110.018,890,505,48,526,2015,0,0,0,889,744,371,71,0,15,0,15
2093-04-17T12:41:43.409Z,44.702,-110.018,887,3182,928,526,0,82,0,81,888,937,735,71,2,104,0,103
2093-05-17T23:10:47.241Z,44.702,-110.018,844,737,949,1049,0,533,34,500,878,723,1091,105,0,507,5,500
2093-06-17T09:39:51.072Z,44.702,-110.018,609,0,729,2203,0,907,131,781,827,666,1145,869,0,747,55,690
2093-07-17T20:08:54.903Z,44.702,-110.018,445,0,369,5087,0,1170,463,709,396,0,235,3191,0,1086,469,613
2093-08-17T06:37:58.734Z,44.702,-110.018,170,0,134,8005,0,1035,723,311,161,0,198,5304,0,925,594,332
2093-09-16T17:07:02.565Z,44.702,-110.018,159,0,212,9098,0,590,438,154,98,0,109,5611,0,465,336,131
2093-10-17T03:36:06.397Z,44.702,-110.018,421,0,467,0,0,139,38,101,160,0,130,205,52,131,103,27
2093-11-16T14:05:10.228Z,44.702,-110.018,866,351,332,0,10,49,0,49,400,0,25,205,614,45,21,24
2093-12-17T00:34:14.059Z,44.702,-110.018,889,453,279,0,505,20,0,20,558,0,80,205,837,0,0,0
2094-01-16T05:14:31.916Z,44.702,-110.018,890,1300,585,0,601,0,0,0,682,0,65,205,1554,0,0,0
2094-02-15T15:43:35.747Z,44.702,-110.018,890,1267,415,0,480,7,0,7,823,191,119,205,1980,0,0,0
2094-03-18T02:12:39.578Z,44.702,-110.018,885,1139,600,0,6,57,0,55,890,2300,226,205,104,0,0,0
2094-04-17T12:41:43.409Z,44.702,-110.018,886,645,764,0,0,244,0,243,871,1026,418,225,0,234,7,228
2094-05-17T23:10:47.241Z,44.702,-110.018,868,1212,1843,483,0,713,11,704,859,597,1079,572,0,655,9,644
2094-06-17T09:39:51.072Z,44.702,-110.018,856,681,1559,1504,0,877,11,866,855,519,1235,904,0,724,15,709
2094-07-17T20:08:54.903Z,44.702,-110.018,598,0,467,4036,0,1118,244,873,535,0,150,2806,0,1018,340,675
2094-08-17T06:37:58.734Z,44.702,-110.018,307,0,335,6719,0,1001,508,492,272,0,341,4912,0,922,461,463
2094-09-16T17:07:02.565Z,44.702,-110.018,219,0,248,7732,0,589,359,224,394,0,609,5221,0,387,114,274
2094-10-17T03:36:06.397Z,44.702,-110.018,515,0,390,0,0,180,49,133,666,196,612,22,840,126,24,102
2094-11-16T14:05:10.228Z,44.702,-110.018,660,0,58,0,39,44,11,33,890,642,139,22,724,0,0,0
2094-12-17T00:34:14.059Z,44.702,-110.018,882,378,179,0,43,21,0,21,890,454,276,22,1684,0,0,0
2095-01-16T05:14:31.916Z,44.702,-110.018,888,466,176,0,17,0,0,0,890,38,38,22,2103,0,0,0
2095-02-15T15:43:35.747Z,44.702,-110.018,890,703,289,0,62,0,0,0,890,1107,462,22,2698,0,0,0
2095-03-18T02:12:39.578Z,44.702,-110.018,886,994,528,0,131,74,0,73,890,1927,787,22,1854,0,0,0
2095-04-17T12:41:43.409Z,44.702,-110.018,874,927,645,8,3,210,4,204,885,2337,428,22,46,104,1,102
2095-05-17T23:10:47.241Z,44.702,-110.018,871,899,1429,316,0,552,4,549,888,1547,1523,22,6,162,0,162
2095-06-17T09:39:51.072Z,44.702,-110.018,774,117,692,1620,0,922,77,846,801,144,521,477,0,709,59,651
2095-07-17T20:08:54.903Z,44.702,-110.018,371,0,134,4696,0,1198,635,564,429,0,310,2247,0,996,354,641
2095-08-17T06:37:58.734Z,44.702,-110.018,110,0,134,8285,0,1124,864,264,209,0,316,4238,0,902,475,430
2095-09-16T17:07:02.565Z,44.702,-110.018,101,0,176,9961,0,662,507,157,255,0,452,4985,0,426,195,229
2095-10-17T03:36:06.397Z,44.702,-110.018,158,0,207,678,0,300,198,96,521,0,161,0,0,183,64,116
2095-11-16T14:05:10.228Z,44.702,-110.018,515,0,366,678,439,27,5,23,831,45,291,0,472,13,0,13
2095-12-17T00:34:14.059Z,44.702,-110.018,809,141,135,678,1627,0,0,0,890,219,207,0,1091,0,0,0
2096-01-16T05:14:31.916Z,44.702,-110.018,890,1183,882,678,1773,0,0,0,890,120,7,0,1546,0,0,0
2096-02-15T15:43:35.747Z,44.702,-110.018,890,639,75,678,1386,0,0,0,890,7,0,0,2040,0,0,0
2096-03-17T02:12:39.578Z,44.702,-110.018,890,1849,367,678,130,0,0,0,890,1594,157,0,980,0,0,0
2096-04-16T12:41:43.409Z,44.702,-110.018,890,1016,543,678,4,33,0,33,889,1551,447,0,0,99,0,99
2096-05-16T23:10:47.241Z,44.702,-110.018,835,743,968,876,0,467,26,441,833,249,502,517,0,545,38,508
2096-06-16T09:39:51.072Z,44.702,-110.018,672,0,584,2515,0,987,122,867,740,203,813,1481,0,843,116,729
2096-07-16T20:08:54.903Z,44.702,-110.018,414,0,389,4618,0,1038,401,638,334,0,163,4147,0,1135,612,523
2096-08-16T06:37:58.734Z,44.702,-110.018,166,0,53,8039,0,1093,844,251,316,0,598,5534,0,811,355,457
2096-09-15T17:07:02.565Z,44.702,-110.018,151,0,413,0,0,546,251,298,277,0,217,0,0,506,244,260
2096-10-16T03:36:06.397Z,44.702,-110.018,672,159,1018,255,24,276,74,204,382,0,164,40,605,109,56,54
2096-11-15T14:05:10.228Z,44.702,-110.018,889,532,252,255,353,11,0,11,798,74,89,40,1510,0,0,0
2096-12-16T00:34:14.059Z,44.702,-110.018,889,785,227,255,224,9,0,9,890,0,0,40,2320,0,0,0
2097-01-16T05:14:31.916Z,44.702,-110.018,890,186,132,255,447,0,0,0,890,0,0,40,2781,0,0,0
2097-02-15T15:43:35.747Z,44.702,-110.018,890,997,357,255,6,5,0,5,890,371,33,40,2800,0,0,0
2097-03-18T02:12:39.578Z,44.702,-110.018,889,727,532,255,5,9,0,9,890,1750,363,40,1861,0,0,0
2097-04-17T12:41:43.409Z,44.702,-110.018,878,419,536,268,0,292,3,289,890,3433,1439,40,39,46,0,46
2097-05-17T23:10:47.241Z,44.702,-110.018,875,485,969,461,0,516,4,513,886,488,776,115,0,395,0,395
2097-06-17T09:39:51.072Z,44.702,-110.018,683,36,375,2318,0,1020,220,804,845,648,1292,871,0,824,25,801
2097-07-17T20:08:54.903Z,44.702,-110.018,221,0,175,6107,0,1311,845,472,774,502,1421,1807,0,866,58,808
2097-08-17T06:37:58.734Z,44.702,-110.018,162,0,390,8414,0,950,602,347,573,0,201,3124,0,812,213,600
2097-09-16T17:07:02.565Z,44.702,-110.018,182,0,250,9377,0,559,352,210,680,0,754,3485,0,473,55,422
2097-10-17T03:36:06.397Z,44.702,-110.018,253,0,216,15,0,291,145,151,864,616,929,52,0,257,7,251
2097-11-16T14:05:10.228Z,44.702,-110.018,427,0,123,17,104,50,31,19,890,698,353,52,249,3,0,3
2097-12-17T00:34:14.059Z,44.702,-110.018,875,549,426,17,28,27,0,27,890,253,111,52,669,0,0,0
2098-01-16T05:14:31.916Z,44.702,-110.018,890,634,282,17,196,0,0,0,890,255,107,52,1067,0,0,0
2098-02-15T15:43:35.747Z,44.702,-110.018,889,454,115,17,0,22,0,22,890,269,206,52,1827,0,0,0
2098-03-18T02:12:39.578Z,44.702,-110.018,886,570,545,17,0,117,1,115,890,599,171,52,1746,0,0,0
2098-04-17T12:41:43.409Z,44.702,-110.018,867,840,1037,73,312,329,6,320,888,2253,449,52,65,91,0,91
2098-05-17T23:10:47.241Z,44.702,-110.018,882,1176,1228,437,0,585,1,583,880,965,747,111,0,307,2,305
2098-06-17T09:39:51.072Z,44.702,-110.018,605,0,222,2553,0,1068,296,767,789,232,802,869,0,832,60,771
2098-07-17T20:08:54.903Z,44.702,-110.018,198,0,293,6172,0,1288,778,509,449,0,417,2637,0,997,372,626
2098-08-17T06:37:58.734Z,44.702,-110.018,72,0,93,9589,0,1101,919,181,271,0,163,4739,0,922,531,388
2098-09-16T17:07:02.565Z,44.702,-110.018,44,0,198,11686,0,714,528,186,186,0,254,5707,0,503,328,178
2098-10-17T03:36:06.397Z,44.702,-110.018,129,0,212,256,0,252,171,83,445,0,283,0,11,180,74,107
2098-11-16T14:05:10.228Z,44.702,-110.018,564,3,473,258,103,32,6,26,868,528,401,0,193,10,0,10
2098-12-17T00:34:14.059Z,44.702,-110.018,890,357,170,258,419,3,0,3,890,93,86,0,1026,0,0,0
2099-01-16T05:14:31.916Z,44.702,-110.018,890,750,309,258,435,0,0,0,890,67,20,0,1601,0,0,0
2099-02-15T15:43:35.747Z,44.702,-110.018,889,1358,860,258,98,18,0,18,890,520,94,0,1552,0,0,0
2099-03-18T02:12:39.578Z,44.702,-110.018,888,958,709,258,125,84,0,84,890,736,284,0,1723,0,0,0
2099-04-17T12:41:43.409Z,44.702,-110.018,872,462,706,417,0,497,7,490,889,3148,1105,0,1,45,0,45
2099-05-17T23:10:47.241Z,44.702,-110.018,859,492,1182,1359,0,710,11,699,880,407,653,37,0,336,1,333
2099-06-17T09:39:51.072Z,44.702,-110.018,798,478,1009,2733,0,901,84,815,779,4,365,888,0,732,85,644
2099-07-17T20:08:54.903Z,44.702,-110.018,361,0,333,6049,0,1237,569,669,446,0,472,3136,0,1075,337,738
2099-08-17T06:37:58.734Z,44.702,-110.018,152,0,339,9190,0,1065,710,355,282,0,339,4800,0,861,411,446
2099-09-16T17:07:02.565Z,44.702,-110.018,432,0,709,9988,0,538,234,305,210,0,308,5701,0,556,244,315
2099-10-17T03:36:06.397Z,44.702,-110.018,677,286,623,207,11,251,65,184,769,139,971,73,0,216,10,204
2099-11-16T14:05:10.228Z,44.702,-110.018,888,837,573,207,0,57,0,57,875,150,177,73,14,75,0,74
2099-12-17T00:34:14.059Z,44.702,-110.018,889,653,414,207,156,21,0,21,875,76,6,73,103,26,0,25
