date,lat,lon,soil_water_monthly_wc,runoff_monthly_wc,rain_monthly_wc,accumswe_monthly_wc,pet_monthly_wc,deficit_monthly_wc,aet_monthly_wc,soil_water_monthly_bc,runoff_monthly_bc,rain_monthly_bc,accumswe_monthly_bc,pet_monthly_bc,deficit_monthly_bc,aet_monthly_bc
2020-01-16T05:14:31Z,38.57882425,-107.7255568,97.7,4.3,0.4,15.6,0,0,0,61.7,0,0.6,13.1,1.3,0.4,0.9
2020-02-15T15:43:35Z,38.57882425,-107.7255568,97.6,38.8,15.7,0,4.9,0,4.9,83.2,0,5.1,8.2,3.8,0.1,3.5
2020-03-17T02:12:39Z,38.57882425,-107.7255568,94.4,33.3,34.8,0,23.6,0.9,22.7,93.6,8.4,7.8,0.6,10.1,0.1,9.6
2020-04-16T12:41:43Z,38.57882425,-107.7255568,91.1,17,42.3,0,46,2.5,43.7,82.2,0,26.1,0,63.1,8.1,54.7
2020-05-16T23:10:47Z,38.57882425,-107.7255568,58.3,0,17.8,0,88.7,30.2,58.1,68.2,0,38.8,0,75.9,20.5,55.2
2020-06-16T09:39:51Z,38.57882425,-107.7255568,22.5,0,1.2,0,122,92.4,29.4,57.8,0,61.1,0,109.8,34,76.1
2020-07-16T20:08:54Z,38.57882425,-107.7255568,7,0,20.7,0,131.2,102.3,28.8,26.6,0,39.5,0,123.5,64.4,58.9
2020-08-16T06:37:58Z,38.57882425,-107.7255568,7.3,0,51.4,0,113.3,69.3,43.5,27.3,0,71.1,0,110.8,51.6,59
2020-09-15T17:07:02Z,38.57882425,-107.7255568,11.9,0,32.1,0,77.5,54.9,22.2,22.7,0,8.6,0,72.9,50,22.8
2020-10-16T03:36:06Z,38.57882425,-107.7255568,35.2,0,46.2,0,35.6,17.3,18.7,27.4,0,28,0.2,35.4,19.8,16
2020-11-15T14:05:10Z,38.57882425,-107.7255568,56.2,0,0.1,0,17.4,6.7,10.5,81.3,17.2,68,40.5,7,0.7,6
2020-12-16T00:34:14Z,38.57882425,-107.7255568,57.5,0,6.9,5.5,3.2,1.6,1.6,95.8,4.7,3.1,56.8,0,0,0
2021-01-16T05:14:31Z,38.57882425,-107.7255568,72.2,16.4,27.5,5.3,0,0,0,97.7,4.2,0,54.5,0,0,0
2021-02-15T15:43:35Z,38.57882425,-107.7255568,97.7,27.4,2,10.8,0,0,0,97.7,73.1,10.2,0,1,0,1
2021-03-18T02:12:39Z,38.57882425,-107.7255568,93,14.1,17.1,0,27.9,0.9,27,91.4,4.1,5.8,0,25.7,2,23.5
2021-04-17T12:41:43Z,38.57882425,-107.7255568,83.9,0,26.3,0,53.3,5.5,47.5,64.4,0,13.5,0,53.6,15.1,38.6
2021-05-17T23:10:47Z,38.57882425,-107.7255568,55.1,0,20.7,0,94.2,34.3,59.9,50.2,0,37.3,0,91.7,35.3,56.6
2021-06-17T09:39:51Z,38.57882425,-107.7255568,21.6,0,6.7,0,121.2,89.4,31.5,34,0,47.5,0,115.2,55.1,60.5
2021-07-17T20:08:54Z,38.57882425,-107.7255568,5.9,0,5.2,0,142,128.4,13.5,15.8,0,55.2,0,129,76.3,52.8
2021-08-17T06:37:58Z,38.57882425,-107.7255568,7.3,0,28.2,0,121.9,102,20,26.3,0,61.2,0,114.5,60.4,54.1
2021-09-16T17:07:02Z,38.57882425,-107.7255568,15.2,0,30.4,0,77.8,49.7,28.5,32,0,62,0,80.3,39.3,41
2021-10-17T03:36:06Z,38.57882425,-107.7255568,14.4,0,11.7,0.7,37.3,27.6,9.9,45.7,0,11.8,0,37.8,17.3,20.5
2021-11-16T14:05:10Z,38.57882425,-107.7255568,19.3,0,8.7,2,14,7.9,5.7,78.5,32.9,59.4,9.4,8.1,1.6,6.5
2021-12-17T00:34:14Z,38.57882425,-107.7255568,37.9,0,6.5,1.6,2.8,1.3,1.5,97.7,24.1,12.3,17.7,0.3,0,0.3
2022-01-16T05:14:31Z,38.57882425,-107.7255568,94.1,59.4,80.5,4.4,1.2,0,1.2,97.7,8.1,5,18,0,0,0
2022-02-15T15:43:35Z,38.57882425,-107.7255568,95.9,6.2,5.6,6.3,7.6,0,7.5,97.7,59.1,13.5,9.1,0,0,0
2022-03-18T02:12:39Z,38.57882425,-107.7255568,93.9,11.4,7.6,0,15.2,0.5,14.6,97.2,57.5,35.5,0,18.8,0,18.7
2022-04-17T12:41:43Z,38.57882425,-107.7255568,95.4,12.7,46.6,0,38.5,0.5,37.8,87.6,0,25,0,44.4,3.8,40.6
2022-05-17T23:10:47Z,38.57882425,-107.7255568,76.6,0,27.7,0,83.5,15.9,67.8,59,0,22.4,0,87.1,26.3,60.7
2022-06-17T09:39:51Z,38.57882425,-107.7255568,32,0,5,0,125.7,82.8,43.2,28.2,0,17.3,0,122.7,77.1,45.4
2022-07-17T20:08:54Z,38.57882425,-107.7255568,9.9,0,31.1,0,140.8,109.8,31.1,10.8,0,29.4,0,136.8,99.2,37.7
2022-08-17T06:37:58Z,38.57882425,-107.7255568,12.4,0,42.5,0,119.2,71.2,48,5.2,0,34.2,0,125.2,88.3,36.5
2022-09-16T17:07:02Z,38.57882425,-107.7255568,8.3,0,12.1,0,82,68.5,13.2,6.1,0,20.2,0,79.3,59.2,20.1
2022-10-17T03:36:06Z,38.57882425,-107.7255568,20.8,0,36,0,43.4,25.6,18,43.6,0,75,0.2,33.2,13.9,19.6
2022-11-16T14:05:10Z,38.57882425,-107.7255568,33.2,0,21,7.2,9.9,5.9,4,61.1,0,2.7,2.1,11.4,4,8
2022-12-17T00:34:14Z,38.57882425,-107.7255568,64,0,10.1,16.2,0.5,0,0.5,77.8,0,10.5,0,3.7,0.2,3
2023-01-16T05:14:31Z,38.57882425,-107.7255568,82.6,31.3,20.8,6.9,0,0,0,80.4,0,0,4.5,0.3,0,0.3
2023-02-15T15:43:35Z,38.57882425,-107.7255568,97.7,24.3,11.4,3.7,0,0,0,95,34.9,27.6,12.7,0,0,0
2023-03-18T02:12:39Z,38.57882425,-107.7255568,94.4,8.5,23.9,0,27.7,0.5,27.1,91.4,31.2,20.4,0,26.3,2,24.5
2023-04-17T12:41:43Z,38.57882425,-107.7255568,92.7,20.9,40,0,41.1,2.3,38.4,81.4,0,41.1,0,51.5,6.4,45.1
2023-05-17T23:10:47Z,38.57882425,-107.7255568,62.4,0,18.5,0,77.3,22.7,54.9,71.7,0,52.2,0,79.4,13.5,65.7
2023-06-17T09:39:51Z,38.57882425,-107.7255568,28.1,0,5.2,0,114.3,78.8,35.6,41,0,20.7,0,118.1,59.1,59.4
2023-07-17T20:08:54Z,38.57882425,-107.7255568,7.7,0,1.7,0,140.2,127.2,13,16.6,0,30.3,0,121.2,75.4,45.9
2023-08-17T06:37:58Z,38.57882425,-107.7255568,2,0,9.9,0,126.9,114.5,12.7,9.5,0,27.9,0,114.1,82.4,31.4
2023-09-16T17:07:02Z,38.57882425,-107.7255568,21.4,0,56.9,0,74.6,43.5,31,4.8,0,11.4,0,84.7,70.5,14
2023-10-17T03:36:06Z,38.57882425,-107.7255568,29.8,0,22.6,0,34.2,19,15.2,16.3,0,24.5,0,42.5,28.8,13.6
2023-11-16T14:05:10Z,38.57882425,-107.7255568,35.1,0,8.5,23.6,11.6,6,5.4,22.3,0,14.3,0.7,11.7,6.3,5.3
2023-12-17T00:34:14Z,38.57882425,-107.7255568,75.5,1.8,12.5,1.1,0.4,0,0.4,34.3,0,0,22.7,0.7,0,0.7
2024-01-16T05:14:31Z,38.57882425,-107.7255568,97.7,1.8,1.8,15.6,0,0,0,39.8,0,0,47.8,0,0,0
2024-02-15T15:43:35Z,38.57882425,-107.7255568,97.7,35.4,7.6,0.1,0.7,0,0.7,57.2,0,2.9,13.2,0,0,0
2024-03-17T02:12:39Z,38.57882425,-107.7255568,96.8,9.3,18.2,0,13.7,0,13.5,97.1,39,12.5,0,4.9,0,4.9
2024-04-16T12:41:43Z,38.57882425,-107.7255568,86.9,28.1,32.9,0,50.4,6.4,44,91.2,7.3,33.8,0,47.9,2.5,45.6
2024-05-16T23:10:47Z,38.57882425,-107.7255568,59.2,0,24.5,0,84.9,31.4,53.5,67.9,0,34.2,0,77.5,17.7,59.8
2024-06-16T09:39:51Z,38.57882425,-107.7255568,21.2,0,8.6,0,131.6,96.5,35.7,32,0,7.7,0,120.9,75.9,44.9
2024-07-16T20:08:54Z,38.57882425,-107.7255568,5.6,0,5.7,0,141.7,127.9,13.6,12,0,37.5,0,132,87,45
2024-08-16T06:37:58Z,38.57882425,-107.7255568,1.5,0,14.8,0,129.1,113,16.4,11.5,0,33.7,0,117.5,82,35.4
2024-09-15T17:07:02Z,38.57882425,-107.7255568,2.4,0,16.5,0,74,60.7,12.8,7.5,0,20.6,0,74.3,53.9,20.5
2024-10-16T03:36:06Z,38.57882425,-107.7255568,13.4,0,33.7,0,45.2,23.7,21.3,14.9,0,32.8,0,44,30.6,13.2
2024-11-15T14:05:10Z,38.57882425,-107.7255568,25.9,0,9.4,0,6.6,3.7,2.9,47.5,0,45.3,33.9,5.9,1.9,4.1
2024-12-16T00:34:14Z,38.57882425,-107.7255568,43.1,0,12.5,4,6.6,3.2,3.2,95.6,31,13,4.1,0.5,0,0.5
2025-01-16T05:14:31Z,38.57882425,-107.7255568,57.6,0,2.8,12.6,2.4,0.7,1.5,97.7,14.4,12.6,67.4,0,0,0
2025-02-15T15:43:35Z,38.57882425,-107.7255568,75,0,7.7,25.6,1.8,0.1,1.7,97.5,94.1,15.4,0,2,0,2
2025-03-18T02:12:39Z,38.57882425,-107.7255568,92.9,12.9,4.2,0,19.5,0.9,18.6,94.2,21.3,8.3,0,19.5,1.2,18.2
2025-04-17T12:41:43Z,38.57882425,-107.7255568,86.8,9.2,62.9,0.4,47.5,4.6,42.7,91.1,0,14.3,0,30.9,2,28.9
2025-05-17T23:10:47Z,38.57882425,-107.7255568,70.8,8.6,19.2,0,91.9,25.9,66,57.3,0,16.8,0,89.6,31.5,58.3
2025-06-17T09:39:51Z,38.57882425,-107.7255568,28.4,0,29.6,0,112.4,60.9,51.6,29.1,0,23.7,0,111.2,68.3,43.3
2025-07-17T20:08:54Z,38.57882425,-107.7255568,14.9,0,42.9,0,131.4,83.6,47.8,21.5,0,59.2,0,127.9,68,60.2
2025-08-17T06:37:58Z,38.57882425,-107.7255568,14.6,0,58.5,0,117.2,63.6,53.7,16.3,0,39.9,0,109.7,64.1,45.5
2025-09-16T17:07:02Z,38.57882425,-107.7255568,13.6,0,3.3,0,84.6,69.7,15.3,18.6,0,33.8,0,77.6,49.5,28.4
2025-10-17T03:36:06Z,38.57882425,-107.7255568,32.8,0,46.4,0,44.5,23.3,21.1,19.3,0,28,0,48.7,35.9,12.6
2025-11-16T14:05:10Z,38.57882425,-107.7255568,53.7,0,25.7,0.3,11.7,5.4,6.5,51.7,0,24.7,6.3,9.1,4,4.9
2025-12-17T00:34:14Z,38.57882425,-107.7255568,90.3,1.7,9.2,0.3,4.3,0,4,90.5,6.8,7,0.5,2.5,0,2.5
2026-01-16T05:14:31Z,38.57882425,-107.7255568,97.6,130.4,95.4,10.4,2.4,0,2.4,97.7,14.4,10.6,13.4,0,0,0
2026-02-15T15:43:35Z,38.57882425,-107.7255568,97.6,62.5,33.9,14.7,0.5,0,0.5,97,42.9,27,2.6,6.1,0,6
2026-03-18T02:12:39Z,38.57882425,-107.7255568,94.4,23.6,13,0,17.6,0.7,17.1,96.2,17,21.1,2.1,16.5,0,16.1
2026-04-17T12:41:43Z,38.57882425,-107.7255568,89.2,1.9,63.8,0,57,4.2,52.5,83,0.4,18.7,0,65.2,10,55.2
2026-05-17T23:10:47Z,38.57882425,-107.7255568,90.1,20.1,68.5,0,79.6,5.1,74.5,61,0,48,0,81.7,22.8,59.2
2026-06-17T09:39:51Z,38.57882425,-107.7255568,52.8,0,57.1,0,122.1,40,82.3,44.6,0,55.7,0,110,39.9,69.9
2026-07-17T20:08:54Z,38.57882425,-107.7255568,32.1,0,35.2,0,134.5,70.7,63.8,26.5,0,51.3,0,131.9,65.3,66.6
2026-08-17T06:37:58Z,38.57882425,-107.7255568,10.6,0,14.1,0,127.4,100.9,26.6,14.9,0,32.7,0,114.2,74.9,39
2026-09-16T17:07:02Z,38.57882425,-107.7255568,13.4,0,48.3,0,81.8,61.8,19.8,29.9,0,73.8,0,76.7,40.4,36.3
2026-10-17T03:36:06Z,38.57882425,-107.7255568,30.8,0,15,0,55.1,32.8,22.5,44.1,0,3.9,0,34.9,16.7,18.2
2026-11-16T14:05:10Z,38.57882425,-107.7255568,34.7,0,19.6,4.7,15.9,8.1,8,41.1,0,7.7,1.5,10.3,4.2,6.4
2026-12-17T00:34:14Z,38.57882425,-107.7255568,45.3,0,0.1,0,6.9,3,3.9,44,0,2.1,10.1,1.1,0.4,0.7
2027-01-16T05:14:31Z,38.57882425,-107.7255568,53.1,0,6.3,9,1.1,0.6,0.5,50.4,0,0.3,13.4,0,0,0
2027-02-15T15:43:35Z,38.57882425,-107.7255568,73.9,0,4.1,12.2,5,1,4.1,82.6,0,12.9,5,1.1,0.1,1
2027-03-18T02:12:39Z,38.57882425,-107.7255568,89.8,8.9,14.9,0,20.5,0.7,19.8,91.8,11,18.5,4.7,28.5,2.1,26.3
2027-04-17T12:41:43Z,38.57882425,-107.7255568,87,1.9,24.4,0,43.9,4.8,39.1,90,0,23.3,0,34.5,2.3,32.2
2027-05-17T23:10:47Z,38.57882425,-107.7255568,65.1,0,54.9,0,79.3,20.5,58.6,72.5,0,29.3,0,87.5,18.6,69.1
2027-06-17T09:39:51Z,38.57882425,-107.7255568,46.9,0,13.9,0,122.6,61.8,60.8,36.1,0,26.4,0,119.1,63.9,55.3
2027-07-17T20:08:54Z,38.57882425,-107.7255568,15.2,0,25,0,135.8,94.6,41.4,15.7,0,37.4,0,133.9,83.3,50.5
2027-08-17T06:37:58Z,38.57882425,-107.7255568,11.2,0,55.8,0,120.2,67.1,53,44.8,0,151.5,0,117.2,22,95
2027-09-16T17:07:02Z,38.57882425,-107.7255568,41.4,0,111.7,0,69.2,19.8,49.4,58.5,0,33.9,0,82.4,25.8,55.9
2027-10-17T03:36:06Z,38.57882425,-107.7255568,68.5,0,29.8,0,41.9,9,32.9,60.8,47.7,116.2,0,37.1,11.9,25.6
2027-11-16T14:05:10Z,38.57882425,-107.7255568,83.9,0,9.7,3.9,9.4,1,8.3,95.8,4.2,9.4,1.2,8.7,0,8.7
2027-12-17T00:34:14Z,38.57882425,-107.7255568,91.3,0,0.5,0,2.8,0,2.8,97.2,17,16.7,25.3,0.9,0,0.9
2028-01-16T05:14:31Z,38.57882425,-107.7255568,93,0,0.9,7,4.5,0,4,97.7,1,0,74.8,0,0,0
2028-02-15T15:43:35Z,38.57882425,-107.7255568,95.2,7.1,0.5,0,3.2,0,3.2,97.7,107.2,18.8,19.1,0,0,0
2028-03-17T02:12:39Z,38.57882425,-107.7255568,92,14.4,18,1.6,29.6,2.5,27.2,94.7,24,21.8,0,29.9,1,28.8
2028-04-16T12:41:43Z,38.57882425,-107.7255568,80.2,0,29.4,0,44.7,6.9,37.8,88.7,0.1,36.7,0,54.3,4.3,50.2
2028-05-16T23:10:47Z,38.57882425,-107.7255568,50.7,0,6.7,0,105.4,49.2,56.3,80.9,2.6,57.1,0,75.7,7.8,67.6
2028-06-16T09:39:51Z,38.57882425,-107.7255568,24.1,0,58.4,0,116.6,52.6,63.8,60.1,0,44.3,0,104.2,30.7,73.4
2028-07-16T20:08:54Z,38.57882425,-107.7255568,15,0,49.2,0,136.2,87.2,48.9,35.8,0,60,0,131.5,57.1,74.7
2028-08-16T06:37:58Z,38.57882425,-107.7255568,16.6,0,30.1,0,125.7,83.5,42.4,26.7,0,73.5,0,105.3,56.3,49.2
2028-09-15T17:07:02Z,38.57882425,-107.7255568,7.9,0,20.3,0,82.1,58.8,23.4,32.8,0,9.6,0,79.8,47.9,31.8
2028-10-16T03:36:06Z,38.57882425,-107.7255568,7.2,0,14.5,0,49.7,40.1,9.3,47.8,0,60.6,0,42.7,16.7,26.6
2028-11-15T14:05:10Z,38.57882425,-107.7255568,53.8,0,44.2,1.5,3.8,1,2.8,77.8,0,30.6,0.8,9.3,1,8.3
2028-12-16T00:34:14Z,38.57882425,-107.7255568,87.9,0,6.1,6.8,2.5,0,2.4,92.6,10,4.6,15.2,2.1,0,1.9
2029-01-16T05:14:31Z,38.57882425,-107.7255568,94.8,22,5.6,0,0.9,0,0.9,97.7,22.9,1.7,0,0.6,0,0.6
2029-02-15T15:43:35Z,38.57882425,-107.7255568,96.8,6.2,3.2,25.4,1.8,0,1.8,96.5,18.8,13.6,0.2,5.5,0,5.4
2029-03-18T02:12:39Z,38.57882425,-107.7255568,85.6,24.3,15.1,0,43.2,5.4,37.4,95.1,6,11.1,0,19.9,0.3,19.5
2029-04-17T12:41:43Z,38.57882425,-107.7255568,79.9,0,40.3,0,56,7.9,47.9,88.3,7.2,40.2,0,52.9,3.6,49.1
2029-05-17T23:10:47Z,38.57882425,-107.7255568,65.6,0,38.3,0,104.4,32,72.5,68.6,0,33.6,0,85.9,23.1,63
2029-06-17T09:39:51Z,38.57882425,-107.7255568,21.5,0,1.8,0,132,100.7,31,32.9,0,25.3,0,119,70.5,48.7
2029-07-17T20:08:54Z,38.57882425,-107.7255568,10.5,0,29.4,0,138.2,104.5,33.8,16.1,0,28.6,0,136.1,94.4,41.7
2029-08-17T06:37:58Z,38.57882425,-107.7255568,13.5,0,54.5,0,117.2,76.5,40.2,12.9,0,62.1,0,116.4,60,56.2
2029-09-16T17:07:02Z,38.57882425,-107.7255568,32.3,0,61.2,0,77.7,29.4,48.3,29.1,0,54.2,0,81.6,38.6,43.1
2029-10-17T03:36:06Z,38.57882425,-107.7255568,43.5,0,39.9,0,33.7,11.7,21.9,39.8,0,53.6,0,43.4,17.2,26
2029-11-16T14:05:10Z,38.57882425,-107.7255568,50.3,0,2.9,0,14.6,6.8,7.6,61.5,0,10,0,9.5,2.7,6.8
2029-12-17T00:34:14Z,38.57882425,-107.7255568,70.3,0,20.1,47.7,2.2,0.7,1.6,70.6,0,1.5,2.1,0.9,0.1,0.8
2030-01-16T05:14:31Z,38.57882425,-107.7255568,78.9,11.6,1.8,19.8,0,0,0,76.8,0,2,0,2.2,0.2,1.9
2030-02-15T15:43:35Z,38.57882425,-107.7255568,97.3,33.1,2,1.5,3.8,0,3.8,86.7,34.2,33.5,2.4,2.3,0.2,2.2
2030-03-18T02:12:39Z,38.57882425,-107.7255568,91.8,1.6,21.5,0,35.3,1.5,33.6,89.8,4.9,13.2,0,28.6,1.8,26.7
2030-04-17T12:41:43Z,38.57882425,-107.7255568,87,0,34,0,46.4,3.8,42.5,85.9,0,53.9,0,55.6,4.6,50.8
2030-05-17T23:10:47Z,38.57882425,-107.7255568,77,14.9,51.3,0,85.1,17.5,67.8,80.6,0,80.3,0,85.2,8.9,76.3
2030-06-17T09:39:51Z,38.57882425,-107.7255568,34,0,26.3,0,125.3,68.5,56.2,63,0,33.7,0,116.1,32.8,83.4
2030-07-17T20:08:54Z,38.57882425,-107.7255568,20.1,0,84.8,0,133.7,63.2,70.4,24.7,0,33.1,0,133.5,78.4,55.4
2030-08-17T06:37:58Z,38.57882425,-107.7255568,26.7,0,43,0,119.6,60.7,59.2,15.5,0,48.2,0,113.7,68,45.9
2030-09-16T17:07:02Z,38.57882425,-107.7255568,26.7,0,78,0,78.8,24.5,54.7,27.9,0,47.3,0,66.3,26.8,39.4
2030-10-17T03:36:06Z,38.57882425,-107.7255568,58.3,0,48.2,1.5,46.1,13,33.3,38.3,0,42.1,0,44.4,20.3,23.7
2030-11-16T14:05:10Z,38.57882425,-107.7255568,62.7,0,2.9,23,7.2,2.1,5,60.8,0,12,12.6,6.5,1.8,4.6
2030-12-17T00:34:14Z,38.57882425,-107.7255568,72.4,0,8,42,0,0,0,86,0,1,3.2,0,0,0
2031-01-16T05:14:31Z,38.57882425,-107.7255568,78.1,29.5,2.5,5,0,0,0,96.6,22,26.6,133.4,0,0,0
2031-02-15T15:43:35Z,38.57882425,-107.7255568,97.7,93.1,60.2,0,0.6,0,0.6,97.7,176.7,38.6,9.4,0,0,0
2031-03-18T02:12:39Z,38.57882425,-107.7255568,96.1,24.4,37.2,5.5,19.4,0.1,19.1,95.2,19.6,17,0,21.3,0.3,20.4
2031-04-17T12:41:43Z,38.57882425,-107.7255568,90.9,17,34.6,0.1,32.8,1.9,30.9,88.2,0,31.3,0,42.5,3.3,39.2
2031-05-17T23:10:47Z,38.57882425,-107.7255568,80.6,0,30.4,0,84.5,14.6,69.9,78.3,0,43.7,0,83.9,14,69.7
2031-06-17T09:39:51Z,38.57882425,-107.7255568,42.1,0,40.2,0,120.3,55.1,65.1,40.1,0,18.7,0,116.3,59.1,57
2031-07-17T20:08:54Z,38.57882425,-107.7255568,24.6,0,44.8,0,129.9,71,58.6,12.9,0,6.7,0,124.6,102.3,22.6
2031-08-17T06:37:58Z,38.57882425,-107.7255568,11.3,0,28.3,0,120.7,81.9,38.4,4.1,0,11.8,0,115.8,100,15.9
2031-09-16T17:07:02Z,38.57882425,-107.7255568,25.1,0,50.8,0,69.8,43.1,26.7,16.4,0,52.9,0,77.1,43.1,34.1
2031-10-17T03:36:06Z,38.57882425,-107.7255568,47.9,0,39.3,0.1,36.6,11.5,25.2,25.1,0,35.6,0,42.9,24.3,18.5
2031-11-16T14:05:10Z,38.57882425,-107.7255568,79.8,12.9,49.5,5.4,9.5,2.3,7.2,51.4,0,19.1,0.5,11.9,3.9,7.8
2031-12-17T00:34:14Z,38.57882425,-107.7255568,97.4,17.8,1.3,2.3,0.9,0,0.9,63.1,0,10.2,2.9,1.4,0,1.3
2032-01-16T05:14:31Z,38.57882425,-107.7255568,97.4,27.2,13.5,48.7,0,0,0,88.7,50.8,50.2,28,0,0,0
2032-02-15T15:43:35Z,38.57882425,-107.7255568,97.6,74.1,4.8,0,1.2,0,1.2,97.4,60.5,7.3,0,3.5,0,3.5
2032-03-17T02:12:39Z,38.57882425,-107.7255568,93.8,11.2,27.9,7.8,21.8,0.8,20.8,87.3,0,24.7,0,38.5,3.1,35
2032-04-16T12:41:43Z,38.57882425,-107.7255568,90.7,24,50.3,0,51,3.1,47.7,81.3,0,44.2,0,57,5.7,51.2
2032-05-16T23:10:47Z,38.57882425,-107.7255568,73.8,0,33.6,0,92.7,21,71.5,60.5,0,23.2,0,82.9,25.4,57
2032-06-16T09:39:51Z,38.57882425,-107.7255568,28,0,1,0,127.3,90.8,36.5,28.1,0,15.7,0,125.8,81.6,44.2
2032-07-16T20:08:54Z,38.57882425,-107.7255568,12.4,0,109,0,141.1,67.6,73.3,11.3,0,32.9,0,130.6,94.1,36.4
2032-08-16T06:37:58Z,38.57882425,-107.7255568,46.5,0,47.2,0,119.6,49.8,69.9,7.8,0,18.6,0,118.3,93.9,23.9
2032-09-15T17:07:02Z,38.57882425,-107.7255568,20.4,0,21.6,0,77.3,46.3,30.9,8.6,0,24.1,0,74.9,51.8,22.8
2032-10-16T03:36:06Z,38.57882425,-107.7255568,17.5,0,15.3,0,47.9,34.8,13.3,17.7,0,20,0,35.1,26.2,8.6
2032-11-15T14:05:10Z,38.57882425,-107.7255568,42.7,0,22.7,0.9,7.4,1.7,5.8,37.7,0,13.3,2.7,8,4.7,3.1
2032-12-16T00:34:14Z,38.57882425,-107.7255568,52.8,0,3.2,13.8,5.3,2,3.5,46.4,0,2.1,31.1,1.1,0.5,0.9
2033-01-16T05:14:31Z,38.57882425,-107.7255568,80.1,8.5,28.8,0,3.1,0,3.1,54.7,0,3.2,31.3,0,0,0
2033-02-15T15:43:35Z,38.57882425,-107.7255568,88.9,0,0.7,0,16.5,1.4,15.1,93.1,12.9,4.2,0,7.3,0,6.8
2033-03-18T02:12:39Z,38.57882425,-107.7255568,82.2,0,20.8,0.2,24.9,3.5,21,85,0,8,0,30.3,3.1,26.5
2033-04-17T12:41:43Z,38.57882425,-107.7255568,77.6,0,17.8,0,53.3,9,44.4,76.2,0,32.2,0,47.2,6.2,40.7
2033-05-17T23:10:47Z,38.57882425,-107.7255568,38.4,0,1.7,0,99.7,58.7,41.3,52.4,0,17.9,0,89.9,36.1,53.8
2033-06-17T09:39:51Z,38.57882425,-107.7255568,14.1,0,19,0,129.3,98.6,30.9,20.1,0,2,0,125.7,98,27.3
2033-07-17T20:08:54Z,38.57882425,-107.7255568,16.8,0,58.8,0,141.3,86.2,55.2,5.5,0,11.2,0,139.1,120.5,18.3
2033-08-17T06:37:58Z,38.57882425,-107.7255568,10.1,0,64,0,123,55.2,67.8,13.6,0,58,0,112.4,66.5,46.4
2033-09-16T17:07:02Z,38.57882425,-107.7255568,24.7,0,67,0,80.2,39.2,40.9,11.2,0,22,0,77,57.1,20.1
2033-10-17T03:36:06Z,38.57882425,-107.7255568,31.9,0,40.4,0,44.6,27.6,16.9,29.3,0,35.1,0.1,28.6,11.5,16.8
2033-11-16T14:05:10Z,38.57882425,-107.7255568,66.2,0,13.7,9.6,9,2.7,6.5,43.2,0,4.4,0,6,2.9,3.2
2033-12-17T00:34:14Z,38.57882425,-107.7255568,87.1,0,9.9,0.6,7,0.3,6.1,48.1,0,5.7,18.8,1.8,1,0.8
2034-01-16T05:14:31Z,38.57882425,-107.7255568,96.9,11.9,13.9,5.9,4.1,0,4.1,64.4,0,4,64.7,0,0,0
2034-02-15T15:43:35Z,38.57882425,-107.7255568,96.7,9.9,3.6,3.1,5.2,0,5.2,72.3,0,6.3,109.7,0,0,0
2034-03-18T02:12:39Z,38.57882425,-107.7255568,93.8,13.2,9.6,0,22.8,1.4,21.4,95.9,130.2,22.2,0,2.3,0,2.3
2034-04-17T12:41:43Z,38.57882425,-107.7255568,70.1,0,30.1,0,60.1,12.1,48,90.3,0,10.7,0,39.3,2.4,36.4
2034-05-17T23:10:47Z,38.57882425,-107.7255568,54.2,0,23.1,0,85.8,33.9,51.7,67.5,0,23.6,0,78.9,22.1,56.4
2034-06-17T09:39:51Z,38.57882425,-107.7255568,21.8,0,1.8,0,125.5,96.8,28.7,39.9,0,43.7,0,118,55.4,62.1
2034-07-17T20:08:54Z,38.57882425,-107.7255568,27.7,0,122.1,0,129.9,36.1,93.8,17.1,0,23.6,0,125.9,84.8,40.7
2034-08-17T06:37:58Z,38.57882425,-107.7255568,26.7,0,34.7,0,119.7,64.8,55.2,8.4,0,17.3,0,109.3,86.3,22.9
2034-09-16T17:07:02Z,38.57882425,-107.7255568,19.2,0,40.7,0,74.6,55.3,19.7,5.4,0,11.8,0,78.6,67,11.6
2034-10-17T03:36:06Z,38.57882425,-107.7255568,56.6,0,45.4,0,40.1,13.4,26.9,5.8,0,8,0,43.5,37.8,6.1
2034-11-16T14:05:10Z,38.57882425,-107.7255568,74.4,0,6.5,0,4,0.6,3.6,10.9,0,2.8,0,6.8,5.4,1.2
2034-12-17T00:34:14Z,38.57882425,-107.7255568,86.3,0,4,14.6,1.8,0.3,1.7,16.6,0,1.4,32.9,1.1,1,0.3
2035-01-16T05:14:31Z,38.57882425,-107.7255568,91.8,0,1.1,44.8,0,0,0,40.1,18.5,33.6,26.7,0,0,0
2035-02-15T15:43:35Z,38.57882425,-107.7255568,97.6,44.3,1.6,2.5,2.1,0,2.1,97.5,54,10.6,0,3.8,0,3.7
2035-03-18T02:12:39Z,38.57882425,-107.7255568,93.7,11,21.1,0,27.4,1,26.5,97.2,22.8,29,1.4,10.9,0,10.9
2035-04-17T12:41:43Z,38.57882425,-107.7255568,93.2,16.2,32,0,35.7,1.8,33.9,91.8,12.9,28.2,0,34.9,2.4,32.9
2035-05-17T23:10:47Z,38.57882425,-107.7255568,58.8,0,16.1,0,94.3,31.1,63.2,63.6,0,10.9,0,86.3,28,58.3
2035-06-17T09:39:51Z,38.57882425,-107.7255568,23.7,0,33.9,0,134.4,81.7,52.8,22.9,0,3.4,0,122.6,90.1,32.3
2035-07-17T20:08:54Z,38.57882425,-107.7255568,19.5,0,56.3,0,129.4,66.6,62.7,7.6,0,34.5,0,131.1,93.8,37.1
2035-08-17T06:37:58Z,38.57882425,-107.7255568,11.1,0,39.7,0,115.9,70.6,45.2,21.5,0,72.7,0,119.4,60.9,58.3
2035-09-16T17:07:02Z,38.57882425,-107.7255568,8.4,0,25.3,0,75,52.1,22.7,27,0,45.1,0,77.4,45.6,31.4
2035-10-17T03:36:06Z,38.57882425,-107.7255568,72.1,8.3,112.9,2,33.5,8,25.7,37.7,0,22.5,0.5,29.6,15.8,13.7
2035-11-16T14:05:10Z,38.57882425,-107.7255568,95.2,19.4,35.4,0,22.5,0,21.8,68.9,0,36.3,1.1,11.1,1.8,9.3
2035-12-17T00:34:14Z,38.57882425,-107.7255568,96.8,16.9,19.6,11.6,3.2,0,3.2,90.2,0,1.3,38.9,1.9,0,1.8
2036-01-16T05:14:31Z,38.57882425,-107.7255568,97.1,19,0,4.6,1.7,0,1.7,96.3,3.3,7,73.4,0,0,0
2036-02-15T15:43:35Z,38.57882425,-107.7255568,97.7,61.7,41.6,14.2,0,0,0,97.7,96.6,17.8,1.1,0,0,0
2036-03-17T02:12:39Z,38.57882425,-107.7255568,96.9,41.4,23.3,0,14.1,0.1,13.8,94.6,2.6,17.2,0,20.4,0.2,20
2036-04-16T12:41:43Z,38.57882425,-107.7255568,88.3,15.5,36.7,0,46.9,5.2,41.7,81.1,0,15.7,0,54.4,8.4,45.8
2036-05-16T23:10:47Z,38.57882425,-107.7255568,58.9,0,44,0,105.3,35,70.4,55.4,0,31.2,0,89.2,31.2,58.1
2036-06-16T09:39:51Z,38.57882425,-107.7255568,37.6,0,24.7,0,131.5,72.3,59.3,23.7,0,8.9,0,120.6,85,35.6
2036-07-16T20:08:54Z,38.57882425,-107.7255568,9.9,0,7,0,152.3,130.4,22,9.5,0,37.5,0,137.9,98.7,38.8
2036-08-16T06:37:58Z,38.57882425,-107.7255568,3.1,0,24.1,0,128.4,101.8,26.7,9,0,41.1,0,108.6,82.7,26.1
2036-09-15T17:07:02Z,38.57882425,-107.7255568,3.6,0,36.9,0,85,67.7,17.3,36.9,0,78.5,0,72.1,31.9,40.5
2036-10-16T03:36:06Z,38.57882425,-107.7255568,69.7,0,90.7,0,31.1,7.3,23.5,52.9,0,13.9,0,43.5,16.9,26.7
2036-11-15T14:05:10Z,38.57882425,-107.7255568,96.5,42.3,45.6,0,6.7,0,6.7,64.7,0,17.3,0,6.8,1.6,5.2
2036-12-16T00:34:14Z,38.57882425,-107.7255568,97.2,21.1,11.4,0.6,3.3,0,3.3,72.9,0,0,6.2,2.7,0.5,2
2037-01-16T05:14:31Z,38.57882425,-107.7255568,97.7,1.6,0.2,11.5,0,0,0,73.2,0,0,11.6,0,0,0
2037-02-15T15:43:35Z,38.57882425,-107.7255568,97,17.7,4.6,0,7.3,0,7.3,84.6,17.6,3.3,12.1,0,0,0
2037-03-18T02:12:39Z,38.57882425,-107.7255568,92,20.6,53.6,0,33.3,1.3,31.5,94.6,20.7,15.2,0.1,21.3,0.6,20.7
2037-04-17T12:41:43Z,38.57882425,-107.7255568,80.4,1,29.6,0,69.3,11.1,58.3,78.4,0,23.7,0,44.4,6.7,37.5
2037-05-17T23:10:47Z,38.57882425,-107.7255568,53.3,0,30.1,0,96.2,39,57.5,68.4,0,54.2,0,86.7,17.4,69.2
2037-06-17T09:39:51Z,38.57882425,-107.7255568,22.9,0,5.7,0,137.2,101.4,35.8,36.2,0,4.7,0,123.5,75.6,47.3
2037-07-17T20:08:54Z,38.57882425,-107.7255568,5.1,0,2.3,0,153.8,143,10.7,12.1,0,26.9,0,135.5,98.9,37.1
2037-08-17T06:37:58Z,38.57882425,-107.7255568,1.1,0,5.4,0,136.1,129,7,9.7,0,44.9,0,113.4,71.2,42.1
2037-09-16T17:07:02Z,38.57882425,-107.7255568,2.8,0,11.8,0,95,85.2,9.4,7.4,0,9.2,0,83.6,70.3,13.7
2037-10-17T03:36:06Z,38.57882425,-107.7255568,20.7,0,45.8,0,39.8,22.1,17.8,7.1,0,6.9,0,47.1,39.2,7.7
2037-11-16T14:05:10Z,38.57882425,-107.7255568,52.8,0,51,0,19.9,7.3,12.6,12.2,0,25.8,0,17.1,11.7,5.5
2037-12-17T00:34:14Z,38.57882425,-107.7255568,78.6,0,3.6,19.1,2.5,0.3,2.1,37.1,0,4.3,23,2.7,1.5,1.2
2038-01-16T05:14:31Z,38.57882425,-107.7255568,88.8,4.2,1,2.6,8.8,0,8.2,37.5,0,0,46.4,0,0,0
2038-02-15T15:43:35Z,38.57882425,-107.7255568,97.2,43.6,33.8,0.7,2.1,0,2.1,52.3,0,1.3,21.1,0,0,0
2038-03-18T02:12:39Z,38.57882425,-107.7255568,92.8,1.2,12.2,0,28,1.4,26.8,92.3,13.9,28.8,1.2,8.7,0.4,8.2
2038-04-17T12:41:43Z,38.57882425,-107.7255568,81.7,0,48,0,42.9,4.3,38.4,89.4,0,37,0,50.2,3.5,46.5
2038-05-17T23:10:47Z,38.57882425,-107.7255568,71.2,0,31.3,0,95.3,20,75.3,70.6,0,36.7,0,100.8,22.8,77.9
2038-06-17T09:39:51Z,38.57882425,-107.7255568,31.8,0,11.4,0,122.1,75.3,46.7,33.6,0,20.5,0,122.5,70.7,51.4
2038-07-17T20:08:54Z,38.57882425,-107.7255568,8.4,0,3.3,0,154.2,137.2,16.9,17.4,0,69,0,136.9,76.5,60.1
2038-08-17T06:37:58Z,38.57882425,-107.7255568,1.9,0,8.6,0,133.6,122.1,11.5,32.5,0,75.1,0,119.8,50.6,69.2
2038-09-16T17:07:02Z,38.57882425,-107.7255568,4,0,41.7,0.2,84.5,71.6,12.5,26.3,0,44.8,0,84.6,47.9,36.7
2038-10-17T03:36:06Z,38.57882425,-107.7255568,33.2,0,30,0,44.8,21.8,23.2,63.3,0,54,0,41.2,13,28
2038-11-16T14:05:10Z,38.57882425,-107.7255568,37.3,0,16,0,20.8,9.9,10.6,88,6.5,23,0,15.5,1.3,14.3
2038-12-17T00:34:14Z,38.57882425,-107.7255568,86.6,6.9,34.5,0,2.1,0,2.1,96.5,0.1,0.8,20.4,3.2,0,3.2
2039-01-16T05:14:31Z,38.57882425,-107.7255568,96.4,37.6,41,0,10.8,0,10.7,96.4,63.9,16.1,5.1,2.8,0,2.8
2039-02-15T15:43:35Z,38.57882425,-107.7255568,96.1,10,12.9,2,6.5,0,6.4,96.4,9.3,9,0.4,7.6,0,7.5
2039-03-18T02:12:39Z,38.57882425,-107.7255568,92.5,18.2,4.9,0,24.1,2.4,22,94.2,18.4,11.3,0,18.7,1.2,17.5
2039-04-17T12:41:43Z,38.57882425,-107.7255568,63.9,0,23.7,0,65.6,18.5,47.2,85.8,8.7,47.4,0,37,3.9,33.4
2039-05-17T23:10:47Z,38.57882425,-107.7255568,40,0,15.8,0,92,48.8,43.1,81.8,3.8,46.7,0,86.3,11.6,74.6
2039-06-17T09:39:51Z,38.57882425,-107.7255568,16.4,0,3.2,0,125.3,103.1,22.2,40.5,0,22.3,0,117.1,60.5,56.8
2039-07-17T20:08:54Z,38.57882425,-107.7255568,4,0,5.9,0,141.6,130.1,11.6,25.1,0,50,0,131.3,72.5,58.8
2039-08-17T06:37:58Z,38.57882425,-107.7255568,1.1,0,25.3,0,125.2,99,26.6,15.1,0,36.1,0,116.9,73.8,43.1
2039-09-16T17:07:02Z,38.57882425,-107.7255568,36.3,0,81.1,0,77.3,28,49.2,24.9,0,87.2,0,77.7,40.4,37.4
2039-10-17T03:36:06Z,38.57882425,-107.7255568,35.3,0,35.2,0,45.3,21.9,23.7,56,0,10.8,0,40.3,15.5,25
2039-11-16T14:05:10Z,38.57882425,-107.7255568,44.2,0,3.2,0,12,5.5,6.4,48.6,0,12.5,0.2,15.1,7.8,7.4
2039-12-17T00:34:14Z,38.57882425,-107.7255568,49.2,0,17.3,22.1,4.8,2.5,2.3,66.2,0,3.7,14.6,1.6,0.2,1.4
2040-01-16T05:14:31Z,38.57882425,-107.7255568,84.1,0,7.5,35.6,0,0,0,79.2,0,6.5,1.6,6.2,0.8,5.1
2040-02-15T15:43:35Z,38.57882425,-107.7255568,95.3,11.7,10.8,55.4,0,0,0,88.6,0,0.2,0.7,4.7,0,4.4
2040-03-17T02:12:39Z,38.57882425,-107.7255568,93.8,63.3,20.6,0.7,20.9,1.1,19.6,93.8,22.7,26.9,0,20.3,0.8,19.4
2040-04-16T12:41:43Z,38.57882425,-107.7255568,75,0,2.9,0,59.6,15.5,44.4,85.6,0.6,46.7,0,65.4,5.9,59.4
2040-05-16T23:10:47Z,38.57882425,-107.7255568,32.3,0,3.4,0,107.1,69.6,38.1,65.7,0,29.1,0,91,25.3,65.4
2040-06-16T09:39:51Z,38.57882425,-107.7255568,9.4,0,2.9,0,139.1,122.4,16.5,29.5,0,12.9,0,113.7,71.7,42
2040-07-16T20:08:54Z,38.57882425,-107.7255568,5.3,0,43.5,0,145,105.5,38.8,9.9,0,31.6,0,132.6,95.9,36.6
2040-08-16T06:37:58Z,38.57882425,-107.7255568,6.1,0,38.1,0,124.2,89.1,35.1,12.7,0,75,0,122.5,70.5,52.3
2040-09-15T17:07:02Z,38.57882425,-107.7255568,8.8,0,8.9,0,76.1,61,14.7,29.6,0,32.8,0,70.6,40.3,30.5
2040-10-16T03:36:06Z,38.57882425,-107.7255568,7,0,8.7,0,48.8,45,4.4,40.1,0,30.5,3.3,29.3,11.3,17.6
2040-11-15T14:05:10Z,38.57882425,-107.7255568,28.5,0,7.2,0,12,7.2,4.8,65.4,0,18.2,8.1,5.6,1.4,4.2
2040-12-16T00:34:14Z,38.57882425,-107.7255568,48.4,0,5,0.5,2.2,1.2,1,91.2,8,5,0,0.8,0,0.8
2041-01-16T05:14:31Z,38.57882425,-107.7255568,59.1,0,3.5,8.2,3,1.1,2.1,97.3,0.2,0.6,52.5,0.4,0,0.4
2041-02-15T15:43:35Z,38.57882425,-107.7255568,72.8,0,5.9,12.4,5.7,1.1,4.6,97.7,68.5,11.3,1,0,0,0
2041-03-18T02:12:39Z,38.57882425,-107.7255568,87,0.5,23.1,0,42.3,3.9,38,96.4,27.2,22.6,2.5,13.9,0.3,13.8
2041-04-17T12:41:43Z,38.57882425,-107.7255568,80.1,0,14.1,0,38.6,6.1,32.5,85,7.6,14.2,0,51.5,7.6,43.8
2041-05-17T23:10:47Z,38.57882425,-107.7255568,49.4,0,19,0,105.8,47.3,58.5,53.2,0,18.5,0,80.6,33.3,47.8
2041-06-17T09:39:51Z,38.57882425,-107.7255568,17.2,0,14.3,0,134,99.6,34.3,21.3,0,12,0,121.1,89.7,32.1
2041-07-17T20:08:54Z,38.57882425,-107.7255568,4.9,0,12.9,0,147.1,128.5,18.8,12,0,31.5,0,131.3,91.8,39.3
2041-08-17T06:37:58Z,38.57882425,-107.7255568,6.7,0,62.7,0,130.6,77.6,53.2,7.1,0,28.9,0,117.8,90.6,27.7
2041-09-16T17:07:02Z,38.57882425,-107.7255568,9.2,0,12.6,0,80.5,62.7,18.1,20.2,0,42.9,0,71.1,42,29.3
2041-10-17T03:36:06Z,38.57882425,-107.7255568,12,0,21,0,48.2,38.9,9.9,20.7,0,10.8,0.3,43.5,29.7,13.5
2041-11-16T14:05:10Z,38.57882425,-107.7255568,28.2,0,8.5,3.2,7.8,4.7,3.3,31.1,0,17.1,9.7,7.9,4.5,3.6
2041-12-17T00:34:14Z,38.57882425,-107.7255568,47.6,0,6.8,4.1,1.4,0.3,1.1,62.2,0,17.4,0.6,2.3,0.6,1.7
2042-01-16T05:14:31Z,38.57882425,-107.7255568,61.3,0,1,0,3.1,0.8,2.4,68.9,0,0,3.2,0,0,0
2042-02-15T15:43:35Z,38.57882425,-107.7255568,62.9,0,3.7,26.1,8,2.7,5.2,70.7,0,1.6,0,4.9,0.8,3.9
2042-03-18T02:12:39Z,38.57882425,-107.7255568,76.1,4.5,7.7,0,18,0.9,17,94.4,34.9,43.5,0,11.6,0.1,11.4
2042-04-17T12:41:43Z,38.57882425,-107.7255568,69.9,0,31.7,0,64.3,15,49.7,90.1,3.8,37.2,0,49.6,2.7,46.8
2042-05-17T23:10:47Z,38.57882425,-107.7255568,48.9,0,28.2,0,96.3,36.1,60.1,59.2,0,8.1,0,88.4,32.2,56
2042-06-17T09:39:51Z,38.57882425,-107.7255568,24.1,0,16.3,0,117.4,79.3,38.4,28.8,0,24.3,0,126.5,80.6,45.4
2042-07-17T20:08:54Z,38.57882425,-107.7255568,6.7,0,7.6,0,148.6,130.9,17.6,10.1,0,39.6,0,133.7,101.3,32.8
2042-08-17T06:37:58Z,38.57882425,-107.7255568,6.9,0,57.3,0,123.4,69.7,53.7,15.6,0,19.4,0,111.8,79.7,32.1
2042-09-16T17:07:02Z,38.57882425,-107.7255568,18.7,0,44.6,0,83.1,56.4,26.5,8.2,0,13.4,0,73.5,60.7,13.2
2042-10-17T03:36:06Z,38.57882425,-107.7255568,35.1,0,36,0,45.8,21.9,23.9,20.4,0,25.7,0,41.5,24.1,17.9
2042-11-16T14:05:10Z,38.57882425,-107.7255568,57.2,0,27.6,2.1,9.1,1.9,7.1,32.7,0,18.5,2.1,9.7,4.8,5
2042-12-17T00:34:14Z,38.57882425,-107.7255568,79.4,0,19,17.8,5.9,1.4,4.4,52.9,0,7.4,10.5,0,0,0
2043-01-16T05:14:31Z,38.57882425,-107.7255568,95.8,79.2,46.1,0,4.7,0,4.7,64.3,0,7.6,5.5,0,0,0
2043-02-15T15:43:35Z,38.57882425,-107.7255568,93.6,7.8,19,0,13.6,0.4,12.9,87,0,13.1,4.5,4.1,0.3,3.9
2043-03-18T02:12:39Z,38.57882425,-107.7255568,90.7,7.5,36.2,0,38.4,1.7,36.7,92.8,7.8,25,0.4,30,1.6,28.2
2043-04-17T12:41:43Z,38.57882425,-107.7255568,87.5,0,27.7,0,51.7,4,47.9,81.4,0,24.7,0,50.9,7.5,43.6
2043-05-17T23:10:47Z,38.57882425,-107.7255568,54,0,16.8,0,82.6,29.6,53.2,49.8,0,9.7,0,96.1,43.4,52.9
2043-06-17T09:39:51Z,38.57882425,-107.7255568,22.4,0,8.5,0,125.6,89.7,36,30.8,0,35.2,0,112.7,65.7,47.3
2043-07-17T20:08:54Z,38.57882425,-107.7255568,6.2,0,24.2,0,151.6,126,25.9,15.2,0,73.1,0,140.2,71.9,68.3
2043-08-17T06:37:58Z,38.57882425,-107.7255568,6.1,0,17.8,0,123.5,99.1,24.1,21.7,0,39.9,0,113.7,66,47.5
2043-09-16T17:07:02Z,38.57882425,-107.7255568,37.6,0,111,0,79.7,35.6,43.8,23.4,0,54.7,0,69.9,41.8,28
2043-10-17T03:36:06Z,38.57882425,-107.7255568,74.8,0,50.4,0,42.1,6.7,35.4,40.9,0,7.9,0,37,20.5,16.3
2043-11-16T14:05:10Z,38.57882425,-107.7255568,93.8,3.1,15.5,0,12.7,0.1,12.5,71.4,0.5,34.3,0,10.5,2.1,8.3
2043-12-17T00:34:14Z,38.57882425,-107.7255568,94.4,13.3,16.2,0.4,11.8,0.3,11.2,97.5,13.8,10.8,15.3,0.8,0,0.8
2044-01-16T05:14:31Z,38.57882425,-107.7255568,97.2,27.9,22.3,1.1,3.7,0,3.6,97.7,4.6,0,14.2,0,0,0
2044-02-15T15:43:35Z,38.57882425,-107.7255568,97.2,14.9,15.9,2.3,6.3,0,6.1,97.4,29.8,11.7,1.2,2.6,0,2.6
2044-03-17T02:12:39Z,38.57882425,-107.7255568,88.8,7.4,25.5,1,35.4,3.1,32.3,92.9,1.2,4.3,0,22.7,0.6,22
2044-04-16T12:41:43Z,38.57882425,-107.7255568,88.3,18.8,60.6,0,50.8,3.4,47.6,90.7,2.9,48.2,0,61.4,2.9,58.3
2044-05-16T23:10:47Z,38.57882425,-107.7255568,57.4,0,17.8,0,102.9,37.3,65.9,76.4,8.1,59,0,90.7,15.1,75.6
2044-06-16T09:39:51Z,38.57882425,-107.7255568,18.7,0,0,0,136.1,110.1,26.1,43.5,0,22.3,0,111.7,59.4,53.2
2044-07-16T20:08:54Z,38.57882425,-107.7255568,4.1,0,0.6,0,160.6,152.8,7.7,24.3,0,35.5,0,127,84,43.1
2044-08-16T06:37:58Z,38.57882425,-107.7255568,1.4,0,15.3,0,139.1,128.4,10.3,11.5,0,18.2,0,114.8,87.5,27.4
2044-09-15T17:07:02Z,38.57882425,-107.7255568,5.3,0,24.9,0,85.9,58.9,27.1,23.1,0,60.4,0,76.8,39.8,36.9
2044-10-16T03:36:06Z,38.57882425,-107.7255568,19.8,0,34,0,38.7,22.6,16.3,56.4,0,70.4,0.2,37.9,12.9,25.4
2044-11-15T14:05:10Z,38.57882425,-107.7255568,27.2,0,5.9,0,17.4,10.1,7.1,92.9,14.1,22.2,0,10.6,0,10.5
2044-12-16T00:34:14Z,38.57882425,-107.7255568,31.5,0,12.4,17.5,2.4,1.6,0.9,97.6,0.6,1.3,3,0.9,0,0.9
2045-01-16T05:14:31Z,38.57882425,-107.7255568,66.9,0,10.3,2,2.7,0.2,2.4,97.7,20.2,0,8.4,0,0,0
2045-02-15T15:43:35Z,38.57882425,-107.7255568,87.6,0,2.7,0.9,3,0.1,2.8,97.4,17.7,5.3,8,2.8,0,2.8
2045-03-18T02:12:39Z,38.57882425,-107.7255568,94.2,19.8,42.2,0,29.2,0.6,28.5,96,34.2,33.3,0,18.9,0.2,18.6
2045-04-17T12:41:43Z,38.57882425,-107.7255568,90.5,2,45.1,0,53.5,2.2,51.5,86.2,0,33.2,0,52.7,4.5,48.1
2045-05-17T23:10:47Z,38.57882425,-107.7255568,64.1,0,25.5,0,99.8,29.2,70.4,61.8,0,12.2,0,81.1,28.2,52.8
2045-06-17T09:39:51Z,38.57882425,-107.7255568,21.5,0,5.6,0,138.1,102.3,35.7,25.7,0,5.2,0,113,80,32.8
2045-07-17T20:08:54Z,38.57882425,-107.7255568,5.6,0,19.7,0,144.7,117,27.1,12.3,0,45.6,0,135,92.4,42.8
2045-08-17T06:37:58Z,38.57882425,-107.7255568,48.4,0,143.6,0,116.1,41.2,74.5,16.1,0,50.4,0,118.6,63.7,54.5
2045-09-16T17:07:02Z,38.57882425,-107.7255568,53.7,0,32.6,0,82.6,23.8,58.8,11.9,0,18,0,77.2,58.4,18.9
2045-10-17T03:36:06Z,38.57882425,-107.7255568,35.2,0,12.1,0,52.8,30.1,22.5,8.9,0,6.2,0.4,46.9,39,8
2045-11-16T14:05:10Z,38.57882425,-107.7255568,33.3,0,3.6,1,18.2,11.3,6.8,11.1,0,10.3,0.9,22.1,18,4.5
2045-12-17T00:34:14Z,38.57882425,-107.7255568,41.7,0,4.6,11,0.4,0,0.4,32.2,0,6,2.4,0,0,0
2046-01-16T05:14:31Z,38.57882425,-107.7255568,58.5,0,4,0.6,5.1,1.6,3.6,40.4,0,4,16.4,0,0,0
2046-02-15T15:43:35Z,38.57882425,-107.7255568,65,0,5.7,0.4,6.5,2,4.7,88.4,1.8,13.5,0,7.2,0.3,6.8
2046-03-18T02:12:39Z,38.57882425,-107.7255568,65.5,0,10.8,0,38.8,10.4,28.2,93.7,9.8,17.1,0,24.4,1.1,23.1
2046-04-17T12:41:43Z,38.57882425,-107.7255568,48.6,0,9.9,0,63.5,30,34,67.4,0,9.6,0,66.2,19.2,47.2
2046-05-17T23:10:47Z,38.57882425,-107.7255568,27.8,0,23.9,0,96.9,59.5,37.2,36.9,0,25.7,0,90.9,47.3,43.5
2046-06-17T09:39:51Z,38.57882425,-107.7255568,11.3,0,1.4,0,144.9,127.2,18.1,17.3,0,1.1,0,121.6,98.8,22.8
2046-07-17T20:08:54Z,38.57882425,-107.7255568,3.5,0,37.6,0,152.1,127.8,24.2,6.9,0,34.8,0,132.1,98.8,33.5
2046-08-17T06:37:58Z,38.57882425,-107.7255568,15.6,0,50.9,0,128.3,77.1,51.2,16.4,0,75.1,0,113.6,65.6,47.6
2046-09-16T17:07:02Z,38.57882425,-107.7255568,14,0,20.3,0,89.1,70.9,18.2,25.7,0,6.6,0,78.2,52.6,25.6
2046-10-17T03:36:06Z,38.57882425,-107.7255568,29.9,0,20.8,0,39.6,24,15.7,23.1,0,37,0,48.5,33.3,15.2
2046-11-16T14:05:10Z,38.57882425,-107.7255568,60.2,0,49.3,3.1,8.1,1.6,6.6,72.3,0,32.7,0,9.9,1.2,8.7
2046-12-17T00:34:14Z,38.57882425,-107.7255568,91.4,0,9.9,0,8.7,0,8.4,96.3,1.8,8.5,20,2.2,0,2
2047-01-16T05:14:31Z,38.57882425,-107.7255568,91.9,17.1,0,8.5,0.6,0,0.6,97.7,20,0.6,24.3,0,0,0
2047-02-15T15:43:35Z,38.57882425,-107.7255568,95.3,15.5,1.3,0,12.1,0.6,11.6,97.2,30.9,8,0,7.2,0,7.2
2047-03-18T02:12:39Z,38.57882425,-107.7255568,84.3,0,18,0,30.2,3.5,26.6,96.5,10,22.9,2,20.7,0.1,20.4
2047-04-17T12:41:43Z,38.57882425,-107.7255568,73.4,0,16.3,0,62.8,14.6,48.4,89.9,10.2,41.6,0,50.7,4.1,46.4
2047-05-17T23:10:47Z,38.57882425,-107.7255568,36.1,0,13.3,0,110.5,65.1,45.8,76.1,1,48.9,0,80.6,14.2,66.5
2047-06-17T09:39:51Z,38.57882425,-107.7255568,12.9,0,4,0,122.8,103.8,19.1,59.4,0,64.7,0,110.4,32.9,77
2047-07-17T20:08:54Z,38.57882425,-107.7255568,3.6,0,42.9,0,145.5,98.6,47,45.3,0,48,0,132.5,55.8,76.6
2047-08-17T06:37:58Z,38.57882425,-107.7255568,25.8,0,101.5,0,119.6,59.1,60.1,15,0,21.7,0,114.7,78.8,36.2
2047-09-16T17:07:02Z,38.57882425,-107.7255568,40.7,0,46.2,0,81.4,36.6,45,8.4,0,15.8,0,85.4,67.7,17.7
2047-10-17T03:36:06Z,38.57882425,-107.7255568,70.4,9,96.3,0,47.6,11,36.4,10,0,12.5,0,42.1,32.3,10.4
2047-11-16T14:05:10Z,38.57882425,-107.7255568,90.4,0,0.8,0,14.5,0.9,13.9,39.6,0,45.5,17,9.6,4.6,4.9
2047-12-17T00:34:14Z,38.57882425,-107.7255568,86.3,0,0,7.3,0.9,0,0.8,62.6,0,1.6,34,0,0,0
2048-01-16T05:14:31Z,38.57882425,-107.7255568,94.8,0,1.7,0.2,5.8,0,5.7,78.1,0,1.5,0.2,2.1,0,2.1
2048-02-15T15:43:35Z,38.57882425,-107.7255568,97.6,23.3,3.9,0,2,0,2,97.1,16.6,7.2,8.7,2.8,0,2.8
2048-03-17T02:12:39Z,38.57882425,-107.7255568,91.7,1.3,30.6,0,33.7,1.5,32.3,95.3,27.3,12.5,0,11.2,0.2,10.7
2048-04-16T12:41:43Z,38.57882425,-107.7255568,86.9,0,44.9,0,52.1,3.9,48.4,80.9,8.4,15.8,0,55.9,10.6,45.3
2048-05-16T23:10:47Z,38.57882425,-107.7255568,74.5,0,37.2,0,88.4,13.5,74.9,86.1,6.8,113.8,0,86.4,5.5,81
2048-06-16T09:39:51Z,38.57882425,-107.7255568,31.9,0,0.3,0,131.4,88.6,42.5,56.7,0,18.2,0,115.7,45.5,70.1
2048-07-16T20:08:54Z,38.57882425,-107.7255568,7.7,0,15.3,0,149.2,122.8,26.2,31.5,0,41.6,0,131.9,74,58
2048-08-16T06:37:58Z,38.57882425,-107.7255568,35.3,0,140.2,0,128.4,63.2,65.3,15.9,0,45,0,113.3,69.9,43.9
2048-09-15T17:07:02Z,38.57882425,-107.7255568,75.3,0,67.2,0,89.4,15.8,73.8,21.4,0,30.9,0,68.1,43.3,25
2048-10-16T03:36:06Z,38.57882425,-107.7255568,66.5,0,37.8,0,43,10.2,33,30.3,0,26.6,0,37.6,23.6,13.6
2048-11-15T14:05:10Z,38.57882425,-107.7255568,78.3,0,9.5,0,14.1,2.7,11.5,46.2,0,18.6,0,15.8,6.9,9.2
2048-12-16T00:34:14Z,38.57882425,-107.7255568,84.6,0,0.5,0,8.3,0.8,6.9,53.7,0,0.5,0.3,7,3,4.1
2049-01-16T05:14:31Z,38.57882425,-107.7255568,90.8,33.3,39.7,7.9,0.9,0.1,0.8,53.2,0,0.6,40.8,0,0,0
2049-02-15T15:43:35Z,38.57882425,-107.7255568,97.2,23.6,9.6,0,7.4,0,7.2,81,6.4,3.7,3.5,0.6,0,0.6
2049-03-18T02:12:39Z,38.57882425,-107.7255568,93.6,23,49.4,0,38.9,1.2,37.8,95.8,7.7,23.2,0,24.1,0.4,23.7
2049-04-17T12:41:43Z,38.57882425,-107.7255568,85,5.5,36.1,0,58.6,7,51.5,86.8,0,45.5,0,59,5.2,53.7
2049-05-17T23:10:47Z,38.57882425,-107.7255568,51.8,0,32.6,0,97.6,37,60.5,75,0,39.9,0,92,17.4,74.2
2049-06-17T09:39:51Z,38.57882425,-107.7255568,24.2,0,5.5,0,130.2,95.3,34.9,38.2,0,18.3,0,121.1,69.8,51
2049-07-17T20:08:54Z,38.57882425,-107.7255568,6.1,0,23,0,156.5,125.7,30.8,15,0,19.4,0,145.5,115.6,29.7
2049-08-17T06:37:58Z,38.57882425,-107.7255568,2.7,0,27.8,0,138.7,109.1,29.7,7.4,0,40.4,0,123.5,79,44.4
2049-09-16T17:07:02Z,38.57882425,-107.7255568,4.4,0,38.9,0,97,79.5,17.1,12.1,0,31.5,0,82.2,56.4,26
2049-10-17T03:36:06Z,38.57882425,-107.7255568,29.3,0,77.6,0,56.4,29.4,26.9,12.7,0,19.8,0,44.3,32,12
2049-11-16T14:05:10Z,38.57882425,-107.7255568,90.4,24.9,62,0,22.9,1.2,21.1,30.1,0,2.9,0,12.4,7.1,5.5
2049-12-17T00:34:14Z,38.57882425,-107.7255568,94.6,7.9,11.1,3.7,2.2,0,2.1,45.1,0,4.4,0,5.1,2.1,3.1
2050-01-16T05:14:31Z,38.57882425,-107.7255568,97.5,20.7,14.3,1.5,1.9,0,1.9,62.1,0,10.6,0,2.6,0.6,1.8
2050-02-15T15:43:35Z,38.57882425,-107.7255568,95.9,15.3,17.8,0,13.5,0.1,13.1,90.1,64.7,52.4,47.1,0,0,0
2050-03-18T02:12:39Z,38.57882425,-107.7255568,92.3,0,33.1,0,34.9,1.1,33.6,92.4,53.5,6.5,0,19.2,1.2,18.1
2050-04-17T12:41:43Z,38.57882425,-107.7255568,81,0,19.3,0,53.1,7.2,45.6,86.6,0,33.2,0,34.8,2.7,31.9
2050-05-17T23:10:47Z,38.57882425,-107.7255568,74.8,10.6,75.4,0,89.3,15.8,73.6,85,0,70.7,0,77.8,5.9,71.9
2050-06-17T09:39:51Z,38.57882425,-107.7255568,37.9,0,16.9,0,126.9,71.8,54.6,74.8,0,61.9,0,114.6,19.7,94.9
2050-07-17T20:08:54Z,38.57882425,-107.7255568,14.9,0,55.9,0,136.1,92,43.7,37.1,0,40.9,0,133.4,61.9,72.2
2050-08-17T06:37:58Z,38.57882425,-107.7255568,49.2,0,124.9,0,122.7,25.7,97.2,18,0,47.9,0,115.4,65,50.6
2050-09-16T17:07:02Z,38.57882425,-107.7255568,46,0,26.4,0,84.2,33,51.6,41.5,0,63.6,0,80.2,32.7,47
2050-10-17T03:36:06Z,38.57882425,-107.7255568,32.2,0,12.6,0,55.5,32,23.5,59.6,0,79,0,43.2,6.9,36.2
2050-11-16T14:05:10Z,38.57882425,-107.7255568,41.4,0,42.1,0,16.9,6,10.7,83.5,0,4.6,0,13.3,1.3,11.6
2050-12-17T00:34:14Z,38.57882425,-107.7255568,62.7,0,7.9,16.8,8.2,2.6,5.3,96.3,0.3,7.2,6.4,0.5,0,0.5
2051-01-16T05:14:31Z,38.57882425,-107.7255568,75.5,10.9,19.1,9.2,3.9,0,3.9,97.7,92.7,33.5,11.3,0,0,0
2051-02-15T15:43:35Z,38.57882425,-107.7255568,92.7,15.6,5.2,0,18.9,1.5,17.6,97.3,16,3.8,0,4.3,0,4.1
2051-03-18T02:12:39Z,38.57882425,-107.7255568,76.6,0,15,0,26.5,4.9,21.5,97,80.7,97.4,4.5,20.5,0,20.5
2051-04-17T12:41:43Z,38.57882425,-107.7255568,65,0,27.9,0,59.4,14.7,44.8,83.5,7.9,26.2,0,66.5,10,56.3
2051-05-17T23:10:47Z,38.57882425,-107.7255568,45.1,0,16.6,0,91.9,42.6,49.4,59.4,0,56.9,0,89.6,24.8,64.9
2051-06-17T09:39:51Z,38.57882425,-107.7255568,16.4,0,7.5,0,130,101.8,28.4,52.5,0,75.8,0,119.3,34.3,84.8
2051-07-17T20:08:54Z,38.57882425,-107.7255568,5.9,0,45.7,0,144.5,95.1,49.6,27,0,27,0,134,77.1,56.7
2051-08-17T06:37:58Z,38.57882425,-107.7255568,4.3,0,34.4,0,139.4,114.8,24.9,16.6,0,39.5,0,116.9,72.3,44.8
2051-09-16T17:07:02Z,38.57882425,-107.7255568,32.2,0,85.9,0,81.7,28.9,52.8,53.6,0,100.1,0,70.4,17,53.1
2051-10-17T03:36:06Z,38.57882425,-107.7255568,58.8,0,54.6,0.2,42.9,13,30.3,79.1,14.2,69.7,0,43.2,7.4,35.8
2051-11-16T14:05:10Z,38.57882425,-107.7255568,80.9,0,19.8,0,15,2.4,13,83.6,0,18.3,2.5,13.5,2.3,11.1
2051-12-17T00:34:14Z,38.57882425,-107.7255568,97,65.3,51.9,0,3,0,3,97.3,33.3,33.4,59,0.9,0,0.9
2052-01-16T05:14:31Z,38.57882425,-107.7255568,97.6,39.8,20.4,0.5,2,0,2,97.7,52.3,10.2,45.9,0,0,0
2052-02-15T15:43:35Z,38.57882425,-107.7255568,96.5,23.6,25.6,1.1,12.1,0.1,12,97.7,80.6,27.3,23.5,0,0,0
2052-03-17T02:12:39Z,38.57882425,-107.7255568,94.3,16.8,37.4,0,30.3,0.8,29.6,95.5,34.9,16.7,0,18.9,0.4,18.1
2052-04-16T12:41:43Z,38.57882425,-107.7255568,73.2,0,6.2,0,69.7,18.2,51.4,87.4,0,27.5,0,44,3.5,40.3
2052-05-16T23:10:47Z,38.57882425,-107.7255568,42.2,0,29.6,0,89.3,38.8,50.4,54.4,0,18.1,0,91.9,33.5,58.3
2052-06-16T09:39:51Z,38.57882425,-107.7255568,18.7,0,24.5,0,133.5,93,40.7,27.7,0,26,0,127.3,80.1,47.3
2052-07-16T20:08:54Z,38.57882425,-107.7255568,11.9,0,45.3,0,144.5,92.3,51.9,19.1,0,58.1,0,141.3,81.3,60.3
2052-08-16T06:37:58Z,38.57882425,-107.7255568,4.6,0,25.6,0,132.6,102.1,30,8.9,0,16.9,0,122.1,95.9,26.4
2052-09-15T17:07:02Z,38.57882425,-107.7255568,6.4,0,47.7,0,93.9,72.6,21.5,6.4,0,22.1,0,73,55.3,17.5
2052-10-16T03:36:06Z,38.57882425,-107.7255568,46.4,0,51.5,0,39.8,15.9,24.1,36.8,0,63.1,0,34.9,16.4,18.4
2052-11-15T14:05:10Z,38.57882425,-107.7255568,63.6,12.6,57.6,2.1,17.8,5.3,12.8,61.4,0,2.6,0,8.9,2.9,5.9
2052-12-16T00:34:14Z,38.57882425,-107.7255568,97.5,105.2,97.7,0.2,6.8,0,6.8,62.2,0,0.5,7.8,3,1.1,1.9
2053-01-16T05:14:31Z,38.57882425,-107.7255568,97.5,30.9,25.4,0,3.5,0,3.4,73,0,6.3,42.1,0,0,0
2053-02-15T15:43:35Z,38.57882425,-107.7255568,97,11.6,9.9,0,10.1,0,10,86.9,46.6,17.2,9,0,0,0
2053-03-18T02:12:39Z,38.57882425,-107.7255568,92.1,5.1,35.7,0,39.3,1.4,37.7,94,11.2,3.5,0,19,0.9,17.8
2053-04-17T12:41:43Z,38.57882425,-107.7255568,83.8,0,31.5,0,64.1,7.7,56.6,78.3,0,11.9,0,41.7,8.1,33.8
2053-05-17T23:10:47Z,38.57882425,-107.7255568,67.9,0,52.4,0,95.6,22.4,72.7,54.9,0,27.8,0,87.2,32,55.1
2053-06-17T09:39:51Z,38.57882425,-107.7255568,68,0,94.1,0,127,28,99,23.3,0,16.9,0,126.8,83.6,43.2
2053-07-17T20:08:54Z,38.57882425,-107.7255568,32.2,0,84.5,0,143.7,65.9,77.6,23.1,0,98,0,136.5,68.4,68.2
2053-08-17T06:37:58Z,38.57882425,-107.7255568,81.9,12.8,164.1,0,116.3,2.6,113.9,27.8,0,33.5,0,121.1,65,56.1
2053-09-16T17:07:02Z,38.57882425,-107.7255568,81.3,12.6,89,0,85.6,10.8,75,24,0,55.6,0,75.7,40.5,35.2
2053-10-17T03:36:06Z,38.57882425,-107.7255568,83.4,0,37.6,0,53.9,5.4,48.4,33.7,0,7.9,0,41.2,22.9,18.7
2053-11-16T14:05:10Z,38.57882425,-107.7255568,92.1,21.8,44.4,0,19,1.1,17.5,34.9,0,13.9,0,12.6,6.7,5.9
2053-12-17T00:34:14Z,38.57882425,-107.7255568,97,64.7,62.9,5.8,2.6,0,2.6,78.9,0,24.2,0,2,0.6,1.3
2054-01-16T05:14:31Z,38.57882425,-107.7255568,95.8,5.4,1.7,0,7.7,0,7.7,96.4,37,12,1.8,2.9,0,2.7
2054-02-15T15:43:35Z,38.57882425,-107.7255568,93,10.4,23.2,0,17.8,0.8,17.3,97.5,9.9,4.5,0,3.6,0,3.6
2054-03-18T02:12:39Z,38.57882425,-107.7255568,91.4,2.5,48.1,3,42.5,1.6,40.5,92.5,10,12.8,0.5,18.6,0.8,17.9
2054-04-17T12:41:43Z,38.57882425,-107.7255568,94.7,57.6,94.9,0,49.1,1.2,47.8,94.3,13.8,37.3,0,40.9,1.5,39.8
2054-05-17T23:10:47Z,38.57882425,-107.7255568,69.7,0,14.9,0,86.6,23,63.3,71.5,0,24.6,0,84.4,20.8,63.3
2054-06-17T09:39:51Z,38.57882425,-107.7255568,30,0,31.1,0,132.2,73.1,59.4,29.8,0,9.5,0,120.4,77.3,43.4
2054-07-17T20:08:54Z,38.57882425,-107.7255568,40.2,0,125.6,0,135.3,32.2,103.4,9.5,0,28.7,0,137,103.5,33.5
2054-08-17T06:37:58Z,38.57882425,-107.7255568,26.7,0,36.2,0,132.8,73.3,60.1,6.9,0,23.6,0,113.2,86.8,26.8
2054-09-16T17:07:02Z,38.57882425,-107.7255568,34.8,0,75.5,0,82,36.7,45.6,10.3,0,34.6,0,77.6,60.9,16.7
2054-10-17T03:36:06Z,38.57882425,-107.7255568,68.9,0,62.8,0,47.4,8.5,39,23.9,0,4.6,0,38.8,27.3,11.4
2054-11-16T14:05:10Z,38.57882425,-107.7255568,60.3,0,0.3,0,24.4,9.1,15.5,23.4,0,8.1,0,11.2,6.6,4.4
2054-12-17T00:34:14Z,38.57882425,-107.7255568,54.8,0,5.1,0,8.7,2.7,5.9,32,0,2.6,31.2,0.4,0.3,0.1
2055-01-16T05:14:31Z,38.57882425,-107.7255568,69.8,0,3.9,0,3.2,0.3,2.9,69.2,33.9,46.7,10.4,0,0,0
2055-02-15T15:43:35Z,38.57882425,-107.7255568,94.4,23.3,29.3,0,9.3,0,9.3,97.2,19.5,0.6,0,4.9,0,4.9
2055-03-18T02:12:39Z,38.57882425,-107.7255568,96.2,40,44.7,0,24.8,0.4,24.3,94,31.1,33.9,0,22.2,0.8,21.4
2055-04-17T12:41:43Z,38.57882425,-107.7255568,74.1,0,11.2,0,53.4,12.2,41.2,84.9,0,37.3,0,47.4,4.3,43.3
2055-05-17T23:10:47Z,38.57882425,-107.7255568,60.4,0,59,0,88.8,20.1,68.7,57.5,0,3.7,0,95.5,39.5,56.6
2055-06-17T09:39:51Z,38.57882425,-107.7255568,29.9,0,14.6,0,122.8,76.1,46.5,26.7,0,16.1,0,114.2,80.2,34.1
2055-07-17T20:08:54Z,38.57882425,-107.7255568,9.9,0,14.2,0,145.5,117.7,28,9.2,0,22.6,0,126.8,98.6,28.6
2055-08-17T06:37:58Z,38.57882425,-107.7255568,25.7,0,89.4,0,125.2,65.4,60,24.1,0,93.4,0,109.6,39.8,70
2055-09-16T17:07:02Z,38.57882425,-107.7255568,32.2,0,77.8,0,79.8,36,43.5,31.4,0,37.4,0,68.9,30,39
2055-10-17T03:36:06Z,38.57882425,-107.7255568,84.2,0,64.6,0,48.7,3.3,45,27.8,0,18.1,0,42.6,27.1,15.9
2055-11-16T14:05:10Z,38.57882425,-107.7255568,91.6,0,8.5,0,12,0.3,11.5,56.5,0,27.5,0,12.1,3.3,8.7
2055-12-17T00:34:14Z,38.57882425,-107.7255568,94.9,9,18.1,0.4,9.1,0,9.1,65.6,0,1.7,0,2.2,0.4,2
2056-01-16T05:14:31Z,38.57882425,-107.7255568,97.5,61.7,35.6,1.9,0.5,0,0.5,67.3,0,0,0,5.2,1.6,3.2
2056-02-15T15:43:35Z,38.57882425,-107.7255568,97.3,40,22.6,0,6.5,0,6.5,81.9,0,13.6,0,3.6,0.2,3.3
2056-03-17T02:12:39Z,38.57882425,-107.7255568,85.2,0,16.9,0,45.3,5,40.4,96.9,31.5,44,1.2,15.5,0,15.4
2056-04-16T12:41:43Z,38.57882425,-107.7255568,81.5,0.1,79.2,0,67.1,6.2,61,89.6,0.1,7.8,0,37.2,3.5,33.4
2056-05-16T23:10:47Z,38.57882425,-107.7255568,71.8,14.5,46.4,0,99.6,22.7,76.5,55.1,0,27.2,0,100.8,36,64.7
2056-06-16T09:39:51Z,38.57882425,-107.7255568,25.6,0,4.9,0,129.2,91.5,38,21.4,0,11.7,0,131.3,94.9,36
2056-07-16T20:08:54Z,38.57882425,-107.7255568,7.2,0,18.3,0,153.4,125.8,27.8,7.8,0,26.6,0,134.7,101.5,33.6
2056-08-16T06:37:58Z,38.57882425,-107.7255568,1.9,0,23.7,0,135.5,109.9,26.2,9.8,0,55.6,0,113.3,72.3,40.9
2056-09-15T17:07:02Z,38.57882425,-107.7255568,7.5,0,35.6,0,85.9,65.1,20.1,16.7,0,36.6,0,80.5,56.2,24.1
2056-10-16T03:36:06Z,38.57882425,-107.7255568,59.6,0,98.4,0,53,9.2,44.2,48.7,0,47.5,0,40.7,15.1,25.9
2056-11-15T14:05:10Z,38.57882425,-107.7255568,81.9,8.1,28.6,5.8,8,1.3,6.6,68.1,6.9,31.3,2.5,2.6,0.7,1.9
2056-12-16T00:34:14Z,38.57882425,-107.7255568,97.6,37.3,23.4,9.8,2,0,2,97.6,9.2,7,6.3,1.9,0,1.9
2057-01-16T05:14:31Z,38.57882425,-107.7255568,97.7,9.8,0.5,14.5,0,0,0,97.7,9.8,0,24.3,0.4,0,0.4
2057-02-15T15:43:35Z,38.57882425,-107.7255568,96.7,22.1,10,0,8.7,0,8.4,97.6,47.8,9.2,0,1.6,0,1.6
2057-03-18T02:12:39Z,38.57882425,-107.7255568,81.8,0,12.5,0.2,35.5,5.4,30.1,89.2,1.7,8.1,1.3,20,1.8,18.4
2057-04-17T12:41:43Z,38.57882425,-107.7255568,61.5,0,11.4,0,74.1,26.8,47.6,90.5,0,19,0,31.4,2.2,29.1
2057-05-17T23:10:47Z,38.57882425,-107.7255568,28.9,0,17.1,0,107.2,68.8,38.6,55,0,8.9,0,92.6,36.4,56.2
2057-06-17T09:39:51Z,38.57882425,-107.7255568,10.6,0,2.6,0,138.5,121.4,17.4,21,0,0,0,110.4,86.5,23.7
2057-07-17T20:08:54Z,38.57882425,-107.7255568,2.6,0,18.2,0,155.8,134.1,21.8,15,0,44.7,0,140.4,94.9,45.5
2057-08-17T06:37:58Z,38.57882425,-107.7255568,2.7,0,44.7,0,134.8,97,37.7,6.7,0,17.9,0,114.8,90.8,24.1
2057-09-16T17:07:02Z,38.57882425,-107.7255568,19.4,0,40.8,0,81.4,55.6,25.7,4.1,0,8.7,0,67.4,57.4,10.1
2057-10-17T03:36:06Z,38.57882425,-107.7255568,33.5,0,54.4,0,50.7,28,22.3,18.2,0,35.4,0,38.9,24,14.8
2057-11-16T14:05:10Z,38.57882425,-107.7255568,64.9,0,19,3.5,11.2,4.2,7,29,0,16.1,4.7,12.9,7.4,5.8
2057-12-17T00:34:14Z,38.57882425,-107.7255568,96.6,13.8,14.2,13.4,2.8,0,2.7,49.5,0,10.9,1.7,1.8,0.7,1.1
2058-01-16T05:14:31Z,38.57882425,-107.7255568,97,33,17.3,0,8.1,0,8.1,62,0,6.2,1.1,0,0,0
2058-02-15T15:43:35Z,38.57882425,-107.7255568,96,7.1,6.4,0,10.1,0,9.9,73.6,0,0.5,0.4,4.2,0.5,3.7
2058-03-18T02:12:39Z,38.57882425,-107.7255568,95.1,27.1,24.7,0,23.5,1,22.6,86,5,26.8,0,21.8,1.7,19.9
2058-04-17T12:41:43Z,38.57882425,-107.7255568,67.3,0,22.2,0,71.3,18.7,52.5,95.2,28.5,50.1,0,35.9,0.9,34.8
2058-05-17T23:10:47Z,38.57882425,-107.7255568,40.2,0,10.2,0,98,54.7,43.5,61,0,15.1,0,90.3,31.6,58.8
2058-06-17T09:39:51Z,38.57882425,-107.7255568,16.2,0,20.3,0,140.2,105.9,34.3,25.2,0,6.7,0,121.7,86,35.2
2058-07-17T20:08:54Z,38.57882425,-107.7255568,4.6,0,12.4,0,150.9,134.9,15.7,17,0,46.4,0,139.3,92.3,46.8
2058-08-17T06:37:58Z,38.57882425,-107.7255568,5.3,0,47.6,0,130.7,82.6,48.2,13,0,45.5,0,118,70,47.5
2058-09-16T17:07:02Z,38.57882425,-107.7255568,7.3,0,44.7,0,93.9,80.5,13.8,27.2,0,57.8,0,73,37,35.8
2058-10-17T03:36:06Z,38.57882425,-107.7255568,38.4,0,34.9,0.4,49.3,23.2,26.4,46.3,0,34.8,0,34.6,13.9,21
2058-11-16T14:05:10Z,38.57882425,-107.7255568,57.5,0,19.8,0,16.4,6.8,9.6,55.4,0,15.4,0,14,5.8,8.3
2058-12-17T00:34:14Z,38.57882425,-107.7255568,53.9,0,0.1,0.8,13.5,5.9,7.5,79.6,0,16.9,0,1.4,0.3,1.1
2059-01-16T05:14:31Z,38.57882425,-107.7255568,67.8,0,23.7,0,6.1,1.4,4.7,92.4,0,0,1.8,5,0,4.8
2059-02-15T15:43:35Z,38.57882425,-107.7255568,81.3,0,17.2,17.8,16.9,2.4,14.6,95.1,0.5,4.4,0,7.9,0,7.7
2059-03-18T02:12:39Z,38.57882425,-107.7255568,87.7,6.1,15.9,0,36.3,3.3,33,96.4,28,22.9,0,21.9,0.1,21.7
2059-04-17T12:41:43Z,38.57882425,-107.7255568,66,0,7.3,0,55.8,16.4,39,79.3,0,32.6,0,68.7,10.7,58.1
2059-05-17T23:10:47Z,38.57882425,-107.7255568,37.2,0,33.5,0,114.3,61.9,52.1,51.9,0,29,0,99.1,36.7,62.5
2059-06-17T09:39:51Z,38.57882425,-107.7255568,22.3,0,11.9,0,134.2,99.6,34.3,20.1,0,6.3,0,121.2,91,30.3
2059-07-17T20:08:54Z,38.57882425,-107.7255568,11.1,0,49.4,0,151.4,98.7,53,10,0,110.6,0,136.2,93.5,42.9
2059-08-17T06:37:58Z,38.57882425,-107.7255568,4,0,17,0,134.9,114.4,20.6,65,0,68.7,0,114,21.2,92.6
2059-09-16T17:07:02Z,38.57882425,-107.7255568,12.2,0,31.2,0,89.7,67,22.5,52.9,0,44.9,0,72.6,20.8,52
2059-10-17T03:36:06Z,38.57882425,-107.7255568,16.7,0,47.5,0,49.9,36.8,12.8,46.3,0,11.8,0,40,18.9,20.6
2059-11-16T14:05:10Z,38.57882425,-107.7255568,45.4,0,3.1,0,16.2,8.1,8.3,70.7,0,34.2,0,12.3,2.1,10.1
2059-12-17T00:34:14Z,38.57882425,-107.7255568,69.8,0,24.6,10.8,1.9,0.6,1.3,83.6,0,6.3,0.8,4.5,0.4,3.6
2060-01-16T05:14:31Z,38.57882425,-107.7255568,86.7,0,3.4,25.1,6.2,0.9,5.5,94.9,71.1,49.4,24.2,0,0,0
2060-02-15T15:43:35Z,38.57882425,-107.7255568,96.6,29.8,11.6,0.3,5.4,0,5.4,97.7,59.9,19.3,6.7,0.5,0,0.5
2060-03-17T02:12:39Z,38.57882425,-107.7255568,89,7.8,5.7,0,31.8,3.7,28.3,97.1,46.9,39.7,2.1,9.3,0.1,9.2
2060-04-16T12:41:43Z,38.57882425,-107.7255568,72.2,0,24.6,0,46.1,9.9,36.1,92.7,27.5,48,0,42.6,1.9,40.6
2060-05-16T23:10:47Z,38.57882425,-107.7255568,40.7,0,10.9,0,115.1,61.5,53.6,64.1,0,32,0,96,25.6,70.2
2060-06-16T09:39:51Z,38.57882425,-107.7255568,11.9,0,1.9,0,143.6,124.3,19,30.5,0,20.1,0,116.4,69.2,46.9
2060-07-16T20:08:54Z,38.57882425,-107.7255568,5.8,0,34.1,0,150.1,115.2,34.9,10.4,0,24.5,0,130.6,95.8,34.6
2060-08-16T06:37:58Z,38.57882425,-107.7255568,23.1,0,85.8,0,124.3,61,63,9.1,0,75.4,0,117.7,75.7,42.3
2060-09-15T17:07:02Z,38.57882425,-107.7255568,27.5,0,37,0,85.2,50.9,34.3,36.4,0,31,0,73.6,33.8,39.5
2060-10-16T03:36:06Z,38.57882425,-107.7255568,32.5,0,26.2,0,47.6,27.8,19.9,36.8,0,38.9,0,43.6,17.7,25.7
2060-11-15T14:05:10Z,38.57882425,-107.7255568,38.6,0,14.4,12,22.1,11.2,11,45.6,0,1.1,2.2,10.2,4.9,5.3
2060-12-16T00:34:14Z,38.57882425,-107.7255568,57.7,0,28.5,9.5,2.7,0.7,2.1,52.6,0,9.5,13.1,0.9,0.3,0.5
2061-01-16T05:14:31Z,38.57882425,-107.7255568,96.2,27,22.2,0,5.4,0,5.4,66.7,0,0.3,5.6,0,0,0
2061-02-15T15:43:35Z,38.57882425,-107.7255568,92.8,0,4.6,2.9,9.3,0.3,8.9,92.2,5.4,6,0,5.5,0,5.4
2061-03-18T02:12:39Z,38.57882425,-107.7255568,86.1,1.5,11.8,0,38.6,4.3,34.4,92.1,4,14.7,0,23.4,1.3,22.4
2061-04-17T12:41:43Z,38.57882425,-107.7255568,68.3,0,7.8,0,45.8,13,32.9,71.8,0,14.8,0,63.5,14.1,49.3
2061-05-17T23:10:47Z,38.57882425,-107.7255568,35.1,0,14.6,0,103,56.5,46.7,46,0,24.2,0,92.1,42.7,49.5
2061-06-17T09:39:51Z,38.57882425,-107.7255568,13.1,0,14.4,0,131.6,102,29.8,20.3,0,17.9,0,116.9,82.6,34.9
2061-07-17T20:08:54Z,38.57882425,-107.7255568,5.4,0,48.3,0,153.2,104.5,48.6,8.7,0,9.3,0,137.2,117.1,20.4
2061-08-17T06:37:58Z,38.57882425,-107.7255568,5.8,0,50.9,0,125.2,72.3,52.8,3.6,0,26.5,0,121.7,93.8,27.8
2061-09-16T17:07:02Z,38.57882425,-107.7255568,7.6,0,34.3,0,81.8,50.2,31.7,10.5,0,36.2,0,79.8,54.3,25.6
2061-10-17T03:36:06Z,38.57882425,-107.7255568,11.1,0,35.7,0,51.5,34.2,17,30.6,0,53,0,50.3,24.6,26.2
2061-11-16T14:05:10Z,38.57882425,-107.7255568,31.2,0,21.5,0,17.9,9.2,8.5,66.8,0,42.6,1.9,8.2,1.6,6.4
2061-12-17T00:34:14Z,38.57882425,-107.7255568,48.6,0,9.6,0.4,3.7,1.8,2,96.1,3.2,4.3,27,0,0,0
2062-01-16T05:14:31Z,38.57882425,-107.7255568,70.8,12.6,45.1,0,8.6,1.6,7,97.7,0.7,0.7,96.5,0,0,0
2062-02-15T15:43:35Z,38.57882425,-107.7255568,95.3,2.8,6.2,0,14.4,0.1,14.1,96.8,110.1,0.9,0,7.5,0.1,7.5
2062-03-18T02:12:39Z,38.57882425,-107.7255568,88.6,0.3,15,0,31.1,2.9,28.1,91.5,10.6,30,1.2,31.3,2,29.4
2062-04-17T12:41:43Z,38.57882425,-107.7255568,75.8,0,30.1,0,54.1,9.5,44.7,87.3,3.2,22.6,0,59.3,6.7,52.4
2062-05-17T23:10:47Z,38.57882425,-107.7255568,52.6,0,23.3,0,96,39.2,56.5,48,0,20.7,0,94.4,38.9,55.3
2062-06-17T09:39:51Z,38.57882425,-107.7255568,25.4,0,41.7,0,123.1,62.7,60.3,25,0,21.5,0,112,76.7,35.5
2062-07-17T20:08:54Z,38.57882425,-107.7255568,8.6,0,19.6,0,158.4,126.4,31.9,13,0,36.3,0,131.7,85.9,46
2062-08-17T06:37:58Z,38.57882425,-107.7255568,2.2,0,18.9,0,142.7,126.6,16.2,43.8,0,139.9,0,110.2,22.4,87.6
2062-09-16T17:07:02Z,38.57882425,-107.7255568,16.4,0,41.9,0,85.5,52.3,33.3,60.1,0,46.6,0,73,19,54
2062-10-17T03:36:06Z,38.57882425,-107.7255568,15.9,0,37.2,0,53.9,38.1,15.9,76.5,3.7,62.8,0,30.6,5.6,25.1
2062-11-16T14:05:10Z,38.57882425,-107.7255568,40.6,0,8.8,0,13.7,7.1,6.7,92.1,3.3,17.6,0,19.6,1.1,18.6
2062-12-17T00:34:14Z,38.57882425,-107.7255568,50.9,0,1.6,6.7,5.1,2.4,3,97,5.8,5.5,2.9,3.8,0,3.8
2063-01-16T05:14:31Z,38.57882425,-107.7255568,70.5,0,15.2,0,2.3,0.3,1.8,97.3,8.3,5.5,8.5,2.7,0,2.7
2063-02-15T15:43:35Z,38.57882425,-107.7255568,75.8,0,15.7,0.1,12.6,2.4,10.3,96.7,17.4,3.4,2,4.2,0,4.2
2063-03-18T02:12:39Z,38.57882425,-107.7255568,75,0,28.5,0,45.9,7.5,38.1,93.7,11.5,13.4,4.2,21.8,1.2,20.5
2063-04-17T12:41:43Z,38.57882425,-107.7255568,64.1,0,43.6,0,75.2,19,56.4,88.6,4.5,45.8,0,71,6.1,64.5
2063-05-17T23:10:47Z,38.57882425,-107.7255568,42.2,0,7.9,0,98.8,52.6,46.1,49.3,0,11.7,0,93,42.5,50.1
2063-06-17T09:39:51Z,38.57882425,-107.7255568,14.6,0,21.2,0,139.6,105,34.9,37.5,0,41.9,0,110.4,59.7,50.6
2063-07-17T20:08:54Z,38.57882425,-107.7255568,5.7,0,19.1,0,160.2,132.8,27.6,12.3,0,23,0,132.7,102.6,29.8
2063-08-17T06:37:58Z,38.57882425,-107.7255568,1.3,0,4.9,0,147.4,140.7,6.9,39.2,0,137.3,0,116.1,30.5,85.8
2063-09-16T17:07:02Z,38.57882425,-107.7255568,8.4,0,61.5,0,90.8,65.3,25.6,50,0,15.5,0,77.9,32.4,45.5
2063-10-17T03:36:06Z,38.57882425,-107.7255568,28.7,0,6.3,0,51,31.7,19,32.7,0,30.3,0,46.6,27.2,19.2
2063-11-16T14:05:10Z,38.57882425,-107.7255568,21.9,0,3.7,0,23.4,18.1,5.6,59.8,0,16.8,7.4,7,2.7,4.3
2063-12-17T00:34:14Z,38.57882425,-107.7255568,27.7,0,17.1,2,9.1,6.1,2.9,80.7,64.8,10.6,0,0.6,0,0.6
2064-01-16T05:14:31Z,38.57882425,-107.7255568,45.6,0,0.5,0,11.1,6,5.3,97.5,16,9.6,27.4,1.6,0,1.6
2064-02-15T15:43:35Z,38.57882425,-107.7255568,48.7,0,19.3,10.5,9.9,5.4,4.5,97.5,79.1,41.9,1.1,1.7,0,1.7
2064-03-17T02:12:39Z,38.57882425,-107.7255568,62.7,0,17.3,0,35.6,11.9,23.6,97,27.9,28.4,0,18.3,0,18.2
2064-04-16T12:41:43Z,38.57882425,-107.7255568,56.9,0,16.5,0,68.6,26,42.5,94.4,33.6,82.6,0,51.9,1.4,50.4
2064-05-16T23:10:47Z,38.57882425,-107.7255568,27,0,10.5,0,115,78,36.7,71.5,0,25.7,0,87.6,19.3,68.5
2064-06-16T09:39:51Z,38.57882425,-107.7255568,6.9,0,0,0,157.9,146.6,11.3,40.2,0,32.2,0,111.7,53.4,58.3
2064-07-16T20:08:54Z,38.57882425,-107.7255568,1.4,0,17.8,0,152.9,133,19.4,14.9,0,25.7,0,129.8,91.2,38.7
2064-08-16T06:37:58Z,38.57882425,-107.7255568,6.1,0,62.7,0,142,109.7,31.6,14.5,0,64.8,0,113.3,58.2,55.2
2064-09-15T17:07:02Z,38.57882425,-107.7255568,22.6,0,16.9,0,83.5,53.3,30.6,34.1,0,45.2,0,72.7,37,35.8
2064-10-16T03:36:06Z,38.57882425,-107.7255568,25.7,0,24,0,36.1,19.7,16.3,45.1,0,53.1,0,45.1,20.4,24.7
2064-11-15T14:05:10Z,38.57882425,-107.7255568,42.2,0,19.4,2.9,17.3,7.6,9.9,67.2,0,16,0.9,11.5,3,8.4
2064-12-16T00:34:14Z,38.57882425,-107.7255568,50.1,0,4.2,0,6.2,1.8,3.5,94.3,17.5,14.6,2.8,0.5,0,0.5
2065-01-16T05:14:31Z,38.57882425,-107.7255568,56.9,0,8.1,0.2,9.7,3.2,7.1,97.7,4.7,2.1,11.7,0,0,0
2065-02-15T15:43:35Z,38.57882425,-107.7255568,75.8,0,17.7,0,8.5,1.5,6.9,97.6,17.4,2.1,3.2,0.9,0,0.9
2065-03-18T02:12:39Z,38.57882425,-107.7255568,83.4,0,25.1,0,33.9,3.9,30,95.7,18,21.3,0,18.3,0.3,17.9
2065-04-17T12:41:43Z,38.57882425,-107.7255568,81,0,36.3,0,50.9,6.2,44.7,88.8,6.9,24.8,0,44.5,3.2,41.1
2065-05-17T23:10:47Z,38.57882425,-107.7255568,58,0,22.8,0,91.5,34,57.8,63.1,0,36.5,0,99.4,28.2,71.4
2065-06-17T09:39:51Z,38.57882425,-107.7255568,20.9,0,3.5,0,135.2,104,31.7,24.7,0,5.5,0,120.2,86.1,34.5
2065-07-17T20:08:54Z,38.57882425,-107.7255568,4.7,0,12.6,0,161.2,143,18,8.3,0,24.7,0,137.2,105.2,32
2065-08-17T06:37:58Z,38.57882425,-107.7255568,2.7,0,20.4,0,133.5,110.9,23.2,3.7,0,13.8,0,122.3,105.2,17
2065-09-16T17:07:02Z,38.57882425,-107.7255568,8.8,0,62.8,0,96.6,69.7,26.8,6.1,0,23.1,0,86,76.6,9.4
2065-10-17T03:36:06Z,38.57882425,-107.7255568,34.4,0,15.2,0,54.3,31.4,22.9,32.5,0,37.9,0,46,21,24.8
2065-11-16T14:05:10Z,38.57882425,-107.7255568,62.4,0,51.9,0,19.1,5.5,13.6,39.9,0,34.9,3.2,13.5,7.5,5.7
2065-12-17T00:34:14Z,38.57882425,-107.7255568,74.3,0,6.2,0,11,2.8,8.5,75,0,2.2,11.5,0,0,0
2066-01-16T05:14:31Z,38.57882425,-107.7255568,65.4,0,0.7,0,17.7,5.9,11.9,87.7,0,2.6,0,0.4,0,0.4
2066-02-15T15:43:35Z,38.57882425,-107.7255568,62.5,0,7.5,0.1,12.4,4,8.5,95.3,26.1,23.7,2.5,5.3,0,5.1
2066-03-18T02:12:39Z,38.57882425,-107.7255568,62.8,0,14.3,0,34.8,10.5,24.1,92.8,40.1,38.3,0,31.1,2.2,29.1
2066-04-17T12:41:43Z,38.57882425,-107.7255568,71.6,0,42.9,0,55.5,10.2,45,68,0,15.2,0,56.8,16.6,40.2
2066-05-17T23:10:47Z,38.57882425,-107.7255568,40.1,0,4.4,0,114,65.1,48.8,44.9,0,31.9,0,85.7,34.7,50.8
2066-06-17T09:39:51Z,38.57882425,-107.7255568,13.1,0,18.1,0,142,109,33.5,26.8,0,17.3,0,126.2,88.3,37.9
2066-07-17T20:08:54Z,38.57882425,-107.7255568,3.1,0,6,0,162,151,11.1,8.4,0,22.7,0,136.2,105.9,29.8
2066-08-17T06:37:58Z,38.57882425,-107.7255568,35.7,0,100.2,0,132.1,53.9,78.4,4.6,0,24.7,0,119.1,92.5,26.4
2066-09-16T17:07:02Z,38.57882425,-107.7255568,26.8,0,61.2,0,94.1,51,42.6,26.9,0,58.1,0,79.3,38.2,40.7
2066-10-17T03:36:06Z,38.57882425,-107.7255568,45.7,0,38.8,0,47.4,22.2,25.2,35.5,0,44.7,0,45.5,19.4,26.2
2066-11-16T14:05:10Z,38.57882425,-107.7255568,58.9,0,7.3,1.2,15.6,5.3,10.2,51.3,0,20.7,4.6,14,5.3,8.4
2066-12-17T00:34:14Z,38.57882425,-107.7255568,64.3,0,6.6,0.6,2.7,0.6,2,71,0,0,0,3.2,0.4,2.4
2067-01-16T05:14:31Z,38.57882425,-107.7255568,93.2,20,18.8,3.3,2.5,0,2.5,77.4,0,9.9,4.7,3.2,0.5,2.7
2067-02-15T15:43:35Z,38.57882425,-107.7255568,89.6,1.1,1.5,0,20.7,1.6,19,96.9,37.5,31.2,6,3.8,0,3.7
2067-03-18T02:12:39Z,38.57882425,-107.7255568,63.6,0,0.8,0,50.2,17.2,33,96.8,44.4,34.2,0.1,12.3,0,12.2
2067-04-17T12:41:43Z,38.57882425,-107.7255568,44.6,0,25.9,0,67,31.2,35.7,94.9,13.6,43.2,0,39.9,0.8,39.2
2067-05-17T23:10:47Z,38.57882425,-107.7255568,24.1,0,7.3,0,112.9,80.4,32.5,72.6,0,41.3,0,87.4,15.6,71.8
2067-06-17T09:39:51Z,38.57882425,-107.7255568,7.2,0,6,0,139.1,123,16.2,42.6,0,19,0,116.1,61.4,54.8
2067-07-17T20:08:54Z,38.57882425,-107.7255568,5.2,0,31,0,154.4,123.6,30.6,13.1,0,12.5,0,135.1,105.7,29.3
2067-08-17T06:37:58Z,38.57882425,-107.7255568,5.7,0,35.2,0,136.2,101.1,34.7,7.2,0,36.8,0,119.5,81.4,38.4
2067-09-16T17:07:02Z,38.57882425,-107.7255568,7.8,0,22,0,96.2,75,21.5,38,0,88,0,71.7,28.5,43
2067-10-17T03:36:06Z,38.57882425,-107.7255568,10.6,0,56.8,0.2,63.7,43.5,20,66.9,0,43.5,0,36.6,8.8,28.1
2067-11-16T14:05:10Z,38.57882425,-107.7255568,55.5,0,31.6,0,21.2,7.5,13.7,81.1,7.7,46.4,1.1,12.9,2.8,10.1
2067-12-17T00:34:14Z,38.57882425,-107.7255568,74,0,15.5,1.4,6.2,1.6,5.1,97.3,11.4,7.2,0,4,0,4
2068-01-16T05:14:31Z,38.57882425,-107.7255568,92.5,25.1,32.6,0,10.3,0.2,10,95.8,13.1,3.8,0,1.5,0,1.5
2068-02-15T15:43:35Z,38.57882425,-107.7255568,92.1,5.1,24,1.2,19.5,0.9,18.4,97,23.4,15.4,0.5,3.5,0,3.5
2068-03-17T02:12:39Z,38.57882425,-107.7255568,94.6,32.7,49.7,0,35.2,1.2,34.1,94.4,4.6,5.7,0,21.8,1.3,20.6
2068-04-16T12:41:43Z,38.57882425,-107.7255568,79.5,0,34.4,0,56.6,8.3,48.3,75.6,0,30,0,57.1,10,46.7
2068-05-16T23:10:47Z,38.57882425,-107.7255568,51.1,0,19.7,0,111.1,49.1,61.9,47.6,0,29.2,0,93.2,38.8,54.6
2068-06-16T09:39:51Z,38.57882425,-107.7255568,15.5,0,1.7,0,146.6,122.1,24.5,29.6,0,11.2,0,104.4,68.5,36.6
2068-07-16T20:08:54Z,38.57882425,-107.7255568,5.5,0,49.9,0,152.8,123.6,28.8,10.3,0,33.7,0,135.6,91,44.5
2068-08-16T06:37:58Z,38.57882425,-107.7255568,19.5,0,43,0,135.5,83.7,52.3,6.1,0,31.7,0,120.8,87.7,33.2
2068-09-15T17:07:02Z,38.57882425,-107.7255568,21.8,0,38.7,0,85.9,48.2,37.2,12.2,0,40.2,0,75.5,43.4,32.1
2068-10-16T03:36:06Z,38.57882425,-107.7255568,14.7,0,5.3,0,59.1,46.3,13,10.2,0,9.4,0.9,39.8,33,6.8
2068-11-15T14:05:10Z,38.57882425,-107.7255568,22.2,0,21.3,2.7,12.6,9.4,3.2,37.1,0,37,3.6,7.5,3.1,4.3
2068-12-16T00:34:14Z,38.57882425,-107.7255568,65.6,0,24.3,0,0.7,0,0.6,76.3,0,11.2,0,2.9,0,2.9
2069-01-16T05:14:31Z,38.57882425,-107.7255568,86.1,0,9.7,0.2,10.1,0.4,9.2,96.1,26.7,17.1,18.3,0.8,0,0.8
2069-02-15T15:43:35Z,38.57882425,-107.7255568,90.1,1.8,13.6,0.3,13.2,0.9,12.4,97.7,106.7,57.9,1.4,1.5,0,1.5
2069-03-18T02:12:39Z,38.57882425,-107.7255568,96,15.3,27,0,26.3,0.2,25.6,96.7,32.4,24.8,5.9,10.9,0.2,10.8
2069-04-17T12:41:43Z,38.57882425,-107.7255568,87.7,6.9,25.1,0,54.4,6.7,47.8,95.5,53.6,67.9,1,24.2,0.6,23.3
2069-05-17T23:10:47Z,38.57882425,-107.7255568,60.2,0,55.1,0,97.5,28.8,68.5,83.8,7.3,38.9,0,87.8,13.4,74.6
2069-06-17T09:39:51Z,38.57882425,-107.7255568,31.7,0,9.9,0,128.8,81.4,47.4,34.9,0,13.4,0,111.8,65.1,46.9
2069-07-17T20:08:54Z,38.57882425,-107.7255568,8.9,0,38.8,0,156.5,110.4,46,21.1,0,56,0,128.3,70.1,58.2
2069-08-17T06:37:58Z,38.57882425,-107.7255568,14.8,0,95.5,0,134.7,59.2,76.2,20.3,0,55.6,0,113.2,56,57.2
2069-09-16T17:07:02Z,38.57882425,-107.7255568,27.6,0,52.7,0,93.8,54.4,38.9,20.5,0,58.8,0,75.3,46.2,29.1
2069-10-17T03:36:06Z,38.57882425,-107.7255568,29.9,0,0.6,0,60.5,40.9,19.8,50.7,0,33,1.1,36.9,14.5,22.2
2069-11-16T14:05:10Z,38.57882425,-107.7255568,49.9,0,57.1,0,21,8.4,12.3,77.3,47.5,67.7,0,5.7,0.8,5
2069-12-17T00:34:14Z,38.57882425,-107.7255568,83.6,0,2.3,0,5.4,0.9,5.1,97.6,25.4,11,0.3,0.9,0,0.9
2070-01-16T05:14:31Z,38.57882425,-107.7255568,88.8,4.1,10.7,0,7.7,0.6,7.1,97.7,29.4,1.5,16.2,0,0,0
2070-02-15T15:43:35Z,38.57882425,-107.7255568,97.5,46.1,29.1,0,3.9,0,3.9,97.5,56.4,21.3,0,3.7,0,3.6
2070-03-18T02:12:39Z,38.57882425,-107.7255568,91.3,23.9,26.5,0,36.3,3.6,32.5,95.7,41.6,23.6,0,17.8,0.6,17.2
2070-04-17T12:41:43Z,38.57882425,-107.7255568,68.3,0,41.7,0,63.8,13,50.3,88.1,9.2,26.7,0.1,43.2,4.6,38.5
2070-05-17T23:10:47Z,38.57882425,-107.7255568,60.6,0,44.9,0,101,31.7,69.3,85.2,9.1,72.2,0,71.1,5.5,65.7
2070-06-17T09:39:51Z,38.57882425,-107.7255568,21.7,0,3.4,0,137,103.6,33.3,56.9,0,40.6,0,122.2,39.9,82.2
2070-07-17T20:08:54Z,38.57882425,-107.7255568,5,0,7.9,0,160.7,144.8,15.7,21.4,0,29.4,0,134.5,80.6,53.7
2070-08-17T06:37:58Z,38.57882425,-107.7255568,1.4,0,17.5,0,138.6,121.3,17,8.8,0,15.7,0,119,97.8,21.4
2070-09-16T17:07:02Z,38.57882425,-107.7255568,10.3,0,47.9,0,88.8,54.4,34.4,15.2,0,50.1,0,77.2,52.7,24.9
2070-10-17T03:36:06Z,38.57882425,-107.7255568,42.4,0,57.5,0,42.5,17.8,24.7,35.2,0,29.6,0,46.9,23.9,22.9
2070-11-16T14:05:10Z,38.57882425,-107.7255568,48,0,3.1,0.8,18.9,9.3,9.8,38.9,0,7.8,4.9,11.1,6.9,4.4
2070-12-17T00:34:14Z,38.57882425,-107.7255568,50.7,0,2.6,10.9,8.8,3.8,4.8,44.8,0,0.7,11.9,0,0,0
2071-01-16T05:14:31Z,38.57882425,-107.7255568,62.2,0,4.7,0,11.4,2.5,8.9,58.3,0,1.5,10,3.3,1.2,2.2
2071-02-15T15:43:35Z,38.57882425,-107.7255568,63,0,8.3,0,25.2,6.6,18.5,92.7,1.9,5.2,0,6.7,0,6.4
2071-03-18T02:12:39Z,38.57882425,-107.7255568,62.5,0,18.5,0,41.7,13.8,27.7,93.4,8.5,20.7,0,26.2,1.2,25
2071-04-17T12:41:43Z,38.57882425,-107.7255568,50,0,23.1,0,64.7,26.3,38.1,69.5,0,28.9,0,74,16.3,58
2071-05-17T23:10:47Z,38.57882425,-107.7255568,35.5,0,41.1,0,93.6,47.4,46.2,50.4,0,43.2,0,99.6,35.9,63.8
2071-06-17T09:39:51Z,38.57882425,-107.7255568,17.1,0,0,0,152.3,125.6,26.3,28,0,31,0,115.4,67.3,48.2
2071-07-17T20:08:54Z,38.57882425,-107.7255568,3.6,0,17.6,0,157.7,134.8,22.9,19.9,0,42.8,0,135,85.4,49.5
2071-08-17T06:37:58Z,38.57882425,-107.7255568,5.1,0,50.4,0,134.8,88,46.5,18.4,0,58.5,0,123.4,68.1,55
2071-09-16T17:07:02Z,38.57882425,-107.7255568,8.4,0,33.3,0,85.3,58.7,26.7,15.3,0,45.8,0,82.5,54.5,27.6
2071-10-17T03:36:06Z,38.57882425,-107.7255568,16,0,27.9,0,51.7,37.9,14.1,55.9,0,51.9,8.4,36.2,9.2,26.6
2071-11-16T14:05:10Z,38.57882425,-107.7255568,40.1,0,54.6,0,26.6,11.8,15.1,78.6,0,13.5,0,9.6,1.2,8.3
2071-12-17T00:34:14Z,38.57882425,-107.7255568,65.9,0,4.5,1.8,5.8,1.7,4,85,0,7.7,32.8,0.9,0.2,0.9
2072-01-16T05:14:31Z,38.57882425,-107.7255568,69.4,0,1.5,0,9.9,2.5,7.5,91.2,0,1.8,37.2,0,0,0
2072-02-15T15:43:35Z,38.57882425,-107.7255568,63.9,0,8.3,0,28,8,19.9,97.4,71.2,17.1,1.4,1.5,0,1.5
2072-03-17T02:12:39Z,38.57882425,-107.7255568,46.3,0,13,0,56.8,25.7,31,96.2,28.4,25.5,0,20,0.1,19.7
2072-04-16T12:41:43Z,38.57882425,-107.7255568,40.1,0,23.1,0,53.6,25.8,28,80.3,0,25.3,0,53.4,6.1,47.3
2072-05-16T23:10:47Z,38.57882425,-107.7255568,36.6,0,32.7,0,106.1,60.4,46.3,74.2,0,60.6,0,91.3,15.7,75.4
2072-06-16T09:39:51Z,38.57882425,-107.7255568,11.7,0,0.3,0,143.2,125.8,17.5,49.5,0,38.5,0,119.8,52,68
2072-07-16T20:08:54Z,38.57882425,-107.7255568,16.5,0,152.2,0,156.6,69.6,86.9,17.3,0,13.3,0,122.2,89.5,32.7
2072-08-16T06:37:58Z,38.57882425,-107.7255568,90.6,52.5,179.1,0,130.6,5.1,125.7,8.4,0,34.8,0,118.6,83.1,35.5
2072-09-15T17:07:02Z,38.57882425,-107.7255568,81.7,19.3,94.1,0,85.5,8.2,77.2,13.2,0,37.7,0,76.3,48.5,27.9
2072-10-16T03:36:06Z,38.57882425,-107.7255568,58.8,0,12.6,0,54,18.4,35.2,19.8,0,17.4,0.3,31.8,22.2,9.2
2072-11-15T14:05:10Z,38.57882425,-107.7255568,47.1,0,10.2,0,19.7,7.9,11.2,35.9,0,15.1,0,20.4,11.1,9
2072-12-16T00:34:14Z,38.57882425,-107.7255568,64.1,0,13.5,1.1,9.3,2.8,6.2,43.1,0,3,5.4,0.8,0.5,0.4
2073-01-16T05:14:31Z,38.57882425,-107.7255568,89.8,13.5,41.4,1.8,10.5,0.9,9.5,46.8,0,14.2,63.2,0,0,0
2073-02-15T15:43:35Z,38.57882425,-107.7255568,97,51.9,52.3,4.3,10.5,0,10.5,82.8,42.7,3.8,0.8,1.1,0,1.1
2073-03-18T02:12:39Z,38.57882425,-107.7255568,84.5,12.6,13.7,0,42.1,5.5,36.2,95.6,18.7,25.1,0.6,24.4,0.4,23.8
2073-04-17T12:41:43Z,38.57882425,-107.7255568,56.3,0,21.8,0,62.7,23.1,39.8,81.1,0,14.3,0,53.8,9.1,44.8
2073-05-17T23:10:47Z,38.57882425,-107.7255568,41.9,0,38.9,0,96.9,41.6,55.2,52.8,0,38.9,0,84,26.4,58.1
2073-06-17T09:39:51Z,38.57882425,-107.7255568,27.2,0,22.8,0,126.9,83.6,42.8,27.6,0,18.5,0,114.4,71,43.8
2073-07-17T20:08:54Z,38.57882425,-107.7255568,10.1,0,59.6,0,150.1,83.7,66.4,26.2,0,122.7,0,132.1,52.2,79.6
2073-08-17T06:37:58Z,38.57882425,-107.7255568,26.4,0,86.2,0,138.6,73.5,65,62.6,0,78.1,0,113,32.8,80.1
2073-09-16T17:07:02Z,38.57882425,-107.7255568,49.6,0,100.5,0,83.2,30.6,52.8,43.7,0,13.1,0,76.9,35.7,41.4
2073-10-17T03:36:06Z,38.57882425,-107.7255568,66.5,0,16.7,0,43.8,11.8,32.1,26.1,0,15.8,0,46.6,32.3,14.3
2073-11-16T14:05:10Z,38.57882425,-107.7255568,61.5,0,24.3,0,28.2,8.9,19.6,68.2,0,39.9,0.3,14.3,2.8,11.6
2073-12-17T00:34:14Z,38.57882425,-107.7255568,79.6,0.9,23.3,1.3,6.4,0.8,5.7,90.1,30.5,23.5,0,3,0.2,2.8
2074-01-16T05:14:31Z,38.57882425,-107.7255568,96.2,2.3,5.7,0,12.6,0,12.5,97.2,32,21.7,6.8,1,0,1
2074-02-15T15:43:35Z,38.57882425,-107.7255568,93.9,18.6,26.1,0,20.4,1,19.6,97.6,71.1,42.9,0,2.4,0,2.4
2074-03-18T02:12:39Z,38.57882425,-107.7255568,90.2,8.1,45.7,0,38.6,1.7,36.6,95.7,25.5,13.6,0,18.5,0.5,17.8
2074-04-17T12:41:43Z,38.57882425,-107.7255568,88.8,16.9,72.2,0,60.8,3.2,57.5,86.4,0,34.3,0,47.6,3.9,43.6
2074-05-17T23:10:47Z,38.57882425,-107.7255568,60.5,0,25.9,0,114.5,38.1,76.2,66.9,0,39.4,0,91.4,23,67.8
2074-06-17T09:39:51Z,38.57882425,-107.7255568,20.2,0,7.3,0,138.4,104.2,34,39.7,0,36.5,0,119.8,60.7,59.1
2074-07-17T20:08:54Z,38.57882425,-107.7255568,4.6,0,11.6,0,157.6,139.1,19.1,20,0,24.9,0,135.8,92.7,43.1
2074-08-17T06:37:58Z,38.57882425,-107.7255568,1,0,5.3,0,147.7,140.7,6.9,22.4,0,71.5,0,111.4,52.4,58.9
2074-09-16T17:07:02Z,38.57882425,-107.7255568,4.7,0,14.6,0,99.8,88.4,11.4,22.7,0,59.9,0,78.1,43.6,34.5
2074-10-17T03:36:06Z,38.57882425,-107.7255568,7.8,0,17.9,0,62.2,53.4,9.5,67.1,0,50.1,0,43.5,12.2,31
2074-11-16T14:05:10Z,38.57882425,-107.7255568,23.4,0,20,0,16,9.8,6.3,78.7,0,30.9,0,15.9,3.4,12.3
2074-12-17T00:34:14Z,38.57882425,-107.7255568,42.8,0,8.2,0,4.1,1.6,2.4,97.2,43.9,34,0,1.8,0,1.8
2075-01-16T05:14:31Z,38.57882425,-107.7255568,63.7,0,22.7,0,10.3,3.5,6.6,97.6,8.7,1.5,1.9,1.4,0,1.4
2075-02-15T15:43:35Z,38.57882425,-107.7255568,75.4,0,8.3,0,17.1,3.5,13.6,97.2,33.8,28.9,0.4,4.9,0,4.9
2075-03-18T02:12:39Z,38.57882425,-107.7255568,71.4,0,24.5,0,40.1,8.6,31.6,96.8,14.2,13.2,0,14.2,0.1,14.1
2075-04-17T12:41:43Z,38.57882425,-107.7255568,54.1,0,8.3,0,59.2,23.8,35.5,85.6,0,22.2,0,53,6.4,46.5
2075-05-17T23:10:47Z,38.57882425,-107.7255568,31.1,0,19.6,0,118.4,74.6,43.2,57.4,0,56.2,0,89.3,24,65.1
2075-06-17T09:39:51Z,38.57882425,-107.7255568,9.1,0,0.4,0,153.9,139.3,14.5,37.8,0,6.4,0,116.1,68.9,47.5
2075-07-17T20:08:54Z,38.57882425,-107.7255568,2.8,0,27.2,0,159.9,131.6,28.7,13,0,28.9,0,136.9,99.8,37
2075-08-17T06:37:58Z,38.57882425,-107.7255568,2.2,0,23.7,0,146.5,124,23.4,12,0,41.1,0,117.2,74.6,42.6
2075-09-16T17:07:02Z,38.57882425,-107.7255568,2.1,0,7,0,99.1,90.5,8.7,18.9,0,50.3,0,83.8,51.6,32
2075-10-17T03:36:06Z,38.57882425,-107.7255568,41,0,79.5,0,59.3,33.8,24.7,38,0,44.1,0,44.3,19.3,25.3
2075-11-16T14:05:10Z,38.57882425,-107.7255568,67.8,0,15.4,0.1,17,4.1,13,53.6,0,16.6,0,11.3,3.7,7.4
2075-12-17T00:34:14Z,38.57882425,-107.7255568,69.2,0,12.6,3.4,10,2.3,7.8,63,0,3.2,1.7,4.5,1.6,2.8
2076-01-16T05:14:31Z,38.57882425,-107.7255568,80,0,5,22.1,0,0,0,69,0,2,9.4,0,0,0
2076-02-15T15:43:35Z,38.57882425,-107.7255568,89.9,8.1,1.3,0,19.8,1.4,18.1,83.2,0,3.9,15.3,0.6,0,0.6
2076-03-17T02:12:39Z,38.57882425,-107.7255568,72.3,0,15.4,0,48,11,37.2,96.3,30.5,13.1,0,8.7,0,8.7
2076-04-16T12:41:43Z,38.57882425,-107.7255568,46.6,0,7.5,0,69.7,35.3,34.6,86,0,22.8,0,44.2,4.6,39.3
2076-05-16T23:10:47Z,38.57882425,-107.7255568,27.1,0,36.8,0,106.2,61.7,44.5,52.5,0,13.9,0,105.3,42.8,61.9
2076-06-16T09:39:51Z,38.57882425,-107.7255568,14.8,0,15.2,0,156,121.2,34.5,29.8,0,39.1,0,121.9,72.1,49.4
2076-07-16T20:08:54Z,38.57882425,-107.7255568,13.7,0,75.8,0,155.7,93.6,61.9,15,0,48.9,0,140.6,86.4,54.3
2076-08-16T06:37:58Z,38.57882425,-107.7255568,11.8,0,24,0,138,102.4,35.6,10.7,0,26,0,118,85,33
2076-09-15T17:07:02Z,38.57882425,-107.7255568,5.6,0,15.3,0,97.5,81.4,15.6,7.2,0,19.5,0,81.6,65.4,15.8
2076-10-16T03:36:06Z,38.57882425,-107.7255568,7.5,0,4.2,0,50.1,44.9,5,27.2,0,45.2,0.8,41.7,26,15.8
2076-11-15T14:05:10Z,38.57882425,-107.7255568,9.6,0,6.1,0,25.7,22,3.6,60.2,0,37.6,0.5,16.5,4.1,12.3
2076-12-16T00:34:14Z,38.57882425,-107.7255568,13.3,0,10.3,0.4,11.8,7.9,4.2,73.8,0,2.4,6.9,0.9,0,0.9
2077-01-16T05:14:31Z,38.57882425,-107.7255568,28.5,0,17,2.8,3.2,2,1.1,92.9,40.3,30.2,100.3,0,0,0
2077-02-15T15:43:35Z,38.57882425,-107.7255568,51,0,0.8,0,17.3,8.4,9.2,96.8,103.6,8.4,1,7.1,0.1,7
2077-03-18T02:12:39Z,38.57882425,-107.7255568,49,0,25.1,0,47.8,17.6,29.8,93,7.3,27.1,0,35.7,1.4,34
2077-04-17T12:41:43Z,38.57882425,-107.7255568,50.4,0,32.4,0,56.4,21,35.5,77.6,0,13,0,50.5,10,40.5
2077-05-17T23:10:47Z,38.57882425,-107.7255568,37.8,0,33.1,0,103,51.8,51,42.7,0,21.1,0,98.9,45.7,53.2
2077-06-17T09:39:51Z,38.57882425,-107.7255568,12.7,0,2.8,0,143.1,121.7,21.6,19.2,0,25.9,0,123.6,81.6,42
2077-07-17T20:08:54Z,38.57882425,-107.7255568,4.2,0,22.4,0,157.6,133.4,23.9,7.1,0,9.6,0,135.6,116.9,19.3
2077-08-17T06:37:58Z,38.57882425,-107.7255568,11.9,0,35.4,0,151,117.1,33.3,2.2,0,21,0,121.8,99.1,23.2
2077-09-16T17:07:02Z,38.57882425,-107.7255568,4,0,5.6,0,96.2,87.3,8.9,8.1,0,57.1,0,80.8,53.9,26.5
2077-10-17T03:36:06Z,38.57882425,-107.7255568,60.1,0,92.5,0,50.9,12.3,38.8,35,0,24.9,0,46.7,27.2,19.4
2077-11-16T14:05:10Z,38.57882425,-107.7255568,52.9,0,5.6,6.4,22.3,10,12.3,68.4,0,34.9,0,13.7,3.2,10.2
2077-12-17T00:34:14Z,38.57882425,-107.7255568,58.5,0,2.5,0,11.9,4.4,7.7,78.6,0,6.2,8.2,1.3,0.2,1.1
2078-01-16T05:14:31Z,38.57882425,-107.7255568,70.7,0,25.5,0.1,10.9,2.5,8.3,95.4,10.8,12,0.5,7.1,0,6.9
2078-02-15T15:43:35Z,38.57882425,-107.7255568,80.4,0,14.2,0,16.1,2.1,14.1,96.8,15.2,6.8,0,3,0,3
2078-03-18T02:12:39Z,38.57882425,-107.7255568,85.2,0,33.4,0,36.7,3.5,33.5,96,10.2,18.8,0,17.3,0.2,17.1
2078-04-17T12:41:43Z,38.57882425,-107.7255568,81.9,8.5,36.7,0,70.2,13.1,56.9,77.3,0,36.3,0,65.3,9.9,55.6
2078-05-17T23:10:47Z,38.57882425,-107.7255568,34.6,0,8.7,0,119.2,72.7,46.3,51.8,0,18.1,0,96.6,39.3,57.5
2078-06-17T09:39:51Z,38.57882425,-107.7255568,13.4,0,19.1,0,137.7,108.8,28.9,24.8,0,17.8,0,118.1,81.5,36.8
2078-07-17T20:08:54Z,38.57882425,-107.7255568,3.7,0,2.5,0,173.6,164.4,9.2,30.4,0,120.8,0,134,47.7,86.4
2078-08-17T06:37:58Z,38.57882425,-107.7255568,8.6,0,66.5,0,137.3,80.8,57.2,32.7,0,45.7,0,121.6,58.4,63.1
2078-09-16T17:07:02Z,38.57882425,-107.7255568,16.1,0,52.1,0,96.3,64.9,31.3,25.7,0,31.6,0,74.9,46.1,29
2078-10-17T03:36:06Z,38.57882425,-107.7255568,23.8,0,16,0,68.3,44.1,24.6,45.5,0,36.4,0,39.1,17.4,22
2078-11-16T14:05:10Z,38.57882425,-107.7255568,32.2,0,20.7,0,20.6,13.3,7.5,56.8,0,32.2,0,17.6,7.2,10.6
2078-12-17T00:34:14Z,38.57882425,-107.7255568,54.9,0,15.5,0,6.9,2.6,4.5,76.7,0,4.1,22.2,5.7,0.9,4.8
2079-01-16T05:14:31Z,38.57882425,-107.7255568,67.4,0,7.7,0,7.4,1.6,5.6,96.1,32.1,18.1,0.3,0,0,0
2079-02-15T15:43:35Z,38.57882425,-107.7255568,79.5,0,5.5,0,8.6,1.4,7.2,97.4,34.1,26.3,0,4.9,0,4.9
2079-03-18T02:12:39Z,38.57882425,-107.7255568,74,0,24.7,0,38.8,7.1,31.6,96.6,18.3,29.4,7.6,17.3,0.1,16.9
2079-04-17T12:41:43Z,38.57882425,-107.7255568,58.8,0,28.1,0,69.7,22,47.6,94,20.9,45.3,0.2,42.3,0.8,40.7
2079-05-17T23:10:47Z,38.57882425,-107.7255568,35.3,0,8.3,0,114.4,69.6,44.4,64.9,0,9.3,0,91,29.3,62
2079-06-17T09:39:51Z,38.57882425,-107.7255568,9.9,0,0,0,159.3,143.6,16.4,31.2,0,36.1,0,114.4,61,53.4
2079-07-17T20:08:54Z,38.57882425,-107.7255568,5.4,0,34,0,167.4,134.5,32.5,13.2,0,17.2,0,139.5,106.1,33.4
2079-08-17T06:37:58Z,38.57882425,-107.7255568,5.4,0,19.8,0,151,133,17.9,38.8,0,134.7,0,114.2,38.1,76.6
2079-09-16T17:07:02Z,38.57882425,-107.7255568,11.2,0,46.4,0,95.7,62.9,33.1,56.5,0,39.1,0,78,24.6,53.5
2079-10-17T03:36:06Z,38.57882425,-107.7255568,30.4,0,36.2,0,54.9,27.7,27.2,59.3,0,42.8,0,42,12.1,29.6
2079-11-16T14:05:10Z,38.57882425,-107.7255568,33.8,0,41.7,4.2,28.3,16.8,11.6,73.3,0,17.2,0.7,12.9,3.1,9.8
2079-12-17T00:34:14Z,38.57882425,-107.7255568,67.2,0,14.8,0,11.5,3.2,8.2,94.9,14.9,23.3,3.6,0,0,0
2080-01-16T05:14:31Z,38.57882425,-107.7255568,88.8,0,23.8,0,14.6,1.4,13.2,97.5,21.1,1.1,0.6,2,0,1.9
2080-02-15T15:43:35Z,38.57882425,-107.7255568,92.6,11.2,25.4,0,16.8,0.7,15.7,97.6,29.6,22.1,0.5,2.6,0,2.6
2080-03-17T02:12:39Z,38.57882425,-107.7255568,77.8,0,15.5,0,47.8,8.4,39.4,93.9,30.6,36.9,0,17,0.6,16.3
2080-04-16T12:41:43Z,38.57882425,-107.7255568,57.1,0,17.1,0,66.9,24.3,42.9,87.3,32.7,23.9,0,45.8,6.3,39.4
2080-05-16T23:10:47Z,38.57882425,-107.7255568,26.3,0,5,0,119.5,85.1,34.6,48,0,29.3,0,97.9,39.2,58.2
2080-06-16T09:39:51Z,38.57882425,-107.7255568,6.6,0,2.4,0,151,138.5,12.6,22.5,0,6.8,0,125.1,90.8,34.2
2080-07-16T20:08:54Z,38.57882425,-107.7255568,3.9,0,30.4,0,157.1,126.7,30.8,12,0,83.4,0,137.1,67.4,69.5
2080-08-16T06:37:58Z,38.57882425,-107.7255568,10.1,0,59.3,0,140.9,109.2,32,33.2,0,90.1,0,115.9,48.9,66.6
2080-09-15T17:07:02Z,38.57882425,-107.7255568,20.6,0,23.8,0,92.8,58.9,34,34.2,0,9,0,73.6,40.9,32.9
2080-10-16T03:36:06Z,38.57882425,-107.7255568,36.2,0,66.9,0,45.7,19.4,26.4,21.9,0,8.8,0,43.6,30.4,13.5
2080-11-15T14:05:10Z,38.57882425,-107.7255568,61.1,0,8.2,0,14.9,4.6,10.3,34.3,0,17.8,0,13.6,7.1,6.8
2080-12-16T00:34:14Z,38.57882425,-107.7255568,62.3,0,2.1,0,10.1,3.4,7,40.1,0,3.3,10.4,2.6,1.1,1.5
2081-01-16T05:14:31Z,38.57882425,-107.7255568,63.4,0,6.2,0,13.3,4.4,9.1,61.3,0,3.3,0,3.4,0.8,2.5
2081-02-15T15:43:35Z,38.57882425,-107.7255568,60,0,24.2,1.3,25.3,8,17,85.2,0,14.7,0.9,5.3,0.3,5.2
2081-03-18T02:12:39Z,38.57882425,-107.7255568,62.8,0,15.6,0,47.5,14.4,32.8,96.1,21,38.6,0.5,20.6,0.2,20.2
2081-04-17T12:41:43Z,38.57882425,-107.7255568,42.2,0,6.4,0,72.6,39,34,89.4,37.5,68.9,0,60.5,4.7,56.2
2081-05-17T23:10:47Z,38.57882425,-107.7255568,25.9,0,23.2,0,98.2,63.5,35.1,64.9,0,42.2,0,101.3,27.4,73.7
2081-06-17T09:39:51Z,38.57882425,-107.7255568,8.8,0,20.9,0,146.3,112.9,33.2,24,0,3.1,0,129.9,95.7,34.2
2081-07-17T20:08:54Z,38.57882425,-107.7255568,5.8,0,81.9,0,153.9,82.9,70.9,7.6,0,35.1,0,137.9,98,39.9
2081-08-17T06:37:58Z,38.57882425,-107.7255568,25.3,0,71.1,0,135.1,64.6,70.1,9.4,0,69,0,117.3,63.1,54.3
2081-09-16T17:07:02Z,38.57882425,-107.7255568,19.9,0,43.2,0,97.7,54.4,43,22.2,0,47.5,0,80,46,33.3
2081-10-17T03:36:06Z,38.57882425,-107.7255568,13.6,0,13,0,59.1,44.8,14.2,31.8,0,13.8,0,46.4,25.6,20.7
2081-11-16T14:05:10Z,38.57882425,-107.7255568,20.5,0,15.1,0,19.7,10.5,8.3,38.7,0,18.2,0,14.2,8.5,5.6
2081-12-17T00:34:14Z,38.57882425,-107.7255568,26.2,0,8.6,0,19.4,11.4,8.5,69,0,9.2,14.7,1,0.2,0.7
2082-01-16T05:14:31Z,38.57882425,-107.7255568,44,0,25,0,13.2,5.4,8.1,85.1,5.1,3.3,23.5,0,0,0
2082-02-15T15:43:35Z,38.57882425,-107.7255568,54.6,0,4.9,0,12.6,4,8.5,97.3,29.6,5.1,2.1,3.3,0,3.2
2082-03-18T02:12:39Z,38.57882425,-107.7255568,58.9,0,21.6,0,49.1,16.3,32.7,93.5,25.5,40.8,0,29.3,1.3,27.9
2082-04-17T12:41:43Z,38.57882425,-107.7255568,43.8,0,41.1,0,80.1,38.4,41.9,80.9,1.3,64.8,0,64.4,6.7,57.6
2082-05-17T23:10:47Z,38.57882425,-107.7255568,27.9,0,11.4,0,125.9,84.7,41,73.4,0,29.4,0,99.3,22.1,77.1
2082-06-17T09:39:51Z,38.57882425,-107.7255568,9.5,0,7.9,0,152.2,132.1,20.3,36.9,0,28.9,0,113.3,59.3,53.8
2082-07-17T20:08:54Z,38.57882425,-107.7255568,1.8,0,3.9,0,171.9,164.7,7.2,20.2,0,43.6,0,140.7,88.1,52.3
2082-08-17T06:37:58Z,38.57882425,-107.7255568,0.5,0,15.6,0,149.5,133.5,15.4,13.9,0,56.2,0,117.2,61,56.2
2082-09-16T17:07:02Z,38.57882425,-107.7255568,1.6,0,15.6,0,99.3,84.9,14.5,16.5,0,32.7,0,81.4,50.6,30.3
2082-10-17T03:36:06Z,38.57882425,-107.7255568,17.1,0,53.2,0.5,52.8,36.2,16.6,24.2,0,33.7,0,49,34.5,14.9
2082-11-16T14:05:10Z,38.57882425,-107.7255568,44.6,0,18.2,0,19.6,8.9,10.9,44.1,0,25.3,8.2,14,3.8,10.3
2082-12-17T00:34:14Z,38.57882425,-107.7255568,45.6,0,2.6,0,13.9,6.7,7.2,71.6,0,13.1,1.4,0,0,0
2083-01-16T05:14:31Z,38.57882425,-107.7255568,42.9,0,15.3,0.3,19.8,8.2,11.4,97.6,1.5,0.5,52.9,0,0,0
2083-02-15T15:43:35Z,38.57882425,-107.7255568,56.1,0,22.2,0,15,3,12.2,97.6,66,3.6,0.7,3.5,0,3.5
2083-03-18T02:12:39Z,38.57882425,-107.7255568,62.8,0,15.6,0,43.7,14.1,29.8,92.3,2.9,24.7,0,35,1.2,33.8
2083-04-17T12:41:43Z,38.57882425,-107.7255568,71.6,0,68,0,61.7,11.2,50.8,79.9,0,27.8,0,57.1,8.2,48.8
2083-05-17T23:10:47Z,38.57882425,-107.7255568,42.2,0,16,0,126.8,65.6,61.1,51.5,0,25.1,0,91.5,36.5,55
2083-06-17T09:39:51Z,38.57882425,-107.7255568,12,0,12.8,0,143.7,114.2,29.4,27.8,0,15.4,0,117.4,81.1,36.2
2083-07-17T20:08:54Z,38.57882425,-107.7255568,4.3,0,55.3,0,161.6,104.1,57.7,12.9,0,37.6,0,133.7,89.5,44.3
2083-08-17T06:37:58Z,38.57882425,-107.7255568,15.5,0,106.6,0,139.1,94.4,44.6,24.7,0,79,0,119.4,56,63.4
2083-09-16T17:07:02Z,38.57882425,-107.7255568,51.7,0,41.3,0,97.6,33.7,63.7,23.8,0,28.2,0,81.2,48.6,33.2
2083-10-17T03:36:06Z,38.57882425,-107.7255568,31.3,0,1.7,0,56.6,36.5,19.9,19.6,0,19.8,0,52.3,36.5,15.6
2083-11-16T14:05:10Z,38.57882425,-107.7255568,22.8,0,10.4,0,29,20.2,8.5,37.7,0,27.2,0,13.2,6.4,6.9
2083-12-17T00:34:14Z,38.57882425,-107.7255568,32.2,0,14,0,17.9,9,9.4,62,0,1.1,3.2,3.6,1.2,2.4
2084-01-16T05:14:31Z,38.57882425,-107.7255568,46.2,0,24,0,13.7,5.6,8.2,70.8,0,6.1,15.7,0.8,0.2,0.7
2084-02-15T15:43:35Z,38.57882425,-107.7255568,71.6,23.2,74.4,1,13.3,2.2,10.9,89.7,20.3,29,0.1,7.4,0,7.1
2084-03-17T02:12:39Z,38.57882425,-107.7255568,91.2,5.6,36.1,0,46.9,2.3,44.6,85.8,0,4.8,0,28.5,3.4,25.5
2084-04-16T12:41:43Z,38.57882425,-107.7255568,78.9,0,50.1,0,58,8,50,67.8,0,22.1,0,68.9,18.3,50.6
2084-05-16T23:10:47Z,38.57882425,-107.7255568,59.4,0,20.6,0,95,28.9,65.7,49.5,0,56.3,0,94.9,34.2,60.7
2084-06-16T09:39:51Z,38.57882425,-107.7255568,25.7,0,24.7,0,138.7,86.6,52,27.2,0,8.9,0,129.3,88,41.2
2084-07-16T20:08:54Z,38.57882425,-107.7255568,5.9,0,6.5,0,168.6,152.1,17,8.4,0,31,0,144,109.6,34.5
2084-08-16T06:37:58Z,38.57882425,-107.7255568,1.4,0,19.3,0,146.1,125.3,20.9,6.4,0,17.7,0,116.7,91.9,24.5
2084-09-15T17:07:02Z,38.57882425,-107.7255568,13.9,0,60.5,0,95.7,70.8,24.7,6.2,0,25.7,0,69.9,46.7,22.6
2084-10-16T03:36:06Z,38.57882425,-107.7255568,40.2,0,32.7,0,46.7,20.2,26.7,40.6,0,67.1,0,42.7,16.8,25.8
2084-11-15T14:05:10Z,38.57882425,-107.7255568,48.6,0,13.8,0,16.5,6.9,9.5,65.6,0,37.1,8.5,10.2,3,6.9
2084-12-16T00:34:14Z,38.57882425,-107.7255568,47.3,0,1.3,0,9.9,4.6,5.2,97.7,65.9,31.4,11.8,0,0,0
2085-01-16T05:14:31Z,38.57882425,-107.7255568,60.4,0,39.6,0.5,8.4,2.7,5.6,96.2,13.4,8.5,1,8.8,0,8.8
2085-02-15T15:43:35Z,38.57882425,-107.7255568,87.4,0,12.1,0,20.9,1.4,19.2,97.6,64.8,40.8,0,2.1,0,2.1
2085-03-18T02:12:39Z,38.57882425,-107.7255568,73.8,0,19,0,50.1,9,40.5,95.3,9.9,20.5,1.1,18.2,0.1,18
2085-04-17T12:41:43Z,38.57882425,-107.7255568,53.9,0,23.8,0,61.3,23.9,37.1,92.9,5.3,39.5,0,45.6,1.5,44.2
2085-05-17T23:10:47Z,38.57882425,-107.7255568,33.2,0,15.9,0,107.5,62.1,45.2,73.2,0,26.6,0,84.5,17.8,66.8
2085-06-17T09:39:51Z,38.57882425,-107.7255568,9.9,0,0,0,158.7,142.8,16.3,29.4,0,3.6,0,122.1,82.4,39.6
2085-07-17T20:08:54Z,38.57882425,-107.7255568,1.9,0,6.1,0,165.6,156.3,9.4,14.9,0,59.6,0,138.5,77.4,61.3
2085-08-17T06:37:58Z,38.57882425,-107.7255568,1.1,0,31.5,0,147.7,117.3,30.3,15.3,0,56.8,0,123.5,73.5,50.3
2085-09-16T17:07:02Z,38.57882425,-107.7255568,18.8,0,46.9,0,88.2,55.4,32.7,16.8,0,15.3,0,80.6,58.8,21.8
2085-10-17T03:36:06Z,38.57882425,-107.7255568,11.1,0,1.3,0,66.2,57.5,9.5,18.2,0,21.8,0,40.5,24.1,16.3
2085-11-16T14:05:10Z,38.57882425,-107.7255568,7.3,0,3.2,0,32,27.8,4.9,21.6,0,7.1,21.9,14.6,9.9,4.6
2085-12-17T00:34:14Z,38.57882425,-107.7255568,11.3,0,8.2,3.4,12.2,8.7,3.5,44.6,0,1.6,10.1,1.1,0.3,0.8
2086-01-16T05:14:31Z,38.57882425,-107.7255568,33.1,0,30,0,9.6,3.8,6,59.1,0,5.2,3.3,0,0,0
2086-02-15T15:43:35Z,38.57882425,-107.7255568,44.5,0,6.7,0,25.3,11.7,13.4,65.6,0,8.8,2.3,9.9,2.7,6.8
2086-03-18T02:12:39Z,38.57882425,-107.7255568,37.3,0,7.2,0,43.2,25.3,17.7,76.2,0,27.6,1.8,31,5.9,25.1
2086-04-17T12:41:43Z,38.57882425,-107.7255568,49.3,0,55,0,63.9,22.2,41.9,80.7,0,36,0,62.5,8,54
2086-05-17T23:10:47Z,38.57882425,-107.7255568,28.6,0,10.4,0,119.1,79,40.6,59.6,0,42.5,0,101.3,29.3,71.6
2086-06-17T09:39:51Z,38.57882425,-107.7255568,8,0,11.4,0,149.7,127.4,22.4,26.4,0,21.5,0,125.1,78.1,46.8
2086-07-17T20:08:54Z,38.57882425,-107.7255568,2.1,0,24.2,0,168.7,146,23.1,18.4,0,56.3,0,140,83,56.8
2086-08-17T06:37:58Z,38.57882425,-107.7255568,4.3,0,31.7,0,148.1,116.9,31.2,16.2,0,77.5,0,123.8,66.1,58
2086-09-16T17:07:02Z,38.57882425,-107.7255568,23.2,0,58.6,0,96.6,57.7,38.8,22.6,0,10,0,82.1,54.5,27.3
2086-10-17T03:36:06Z,38.57882425,-107.7255568,53.5,0,68.7,0,52.3,18.1,34.6,19.7,0,17.7,0,47.2,32.5,14.6
2086-11-16T14:05:10Z,38.57882425,-107.7255568,51.8,0,12.4,0,28.5,12.1,16.6,34.6,0,13,2.7,11.9,8,3.9
2086-12-17T00:34:14Z,38.57882425,-107.7255568,75.1,0,38.2,0,14.1,1.9,12.2,47.7,0,15.4,19.5,3.2,1.4,1.9
2087-01-16T05:14:31Z,38.57882425,-107.7255568,86.7,15.7,40.1,2.3,16.7,1.8,14.7,94.7,7.1,9.1,14.4,1.9,0,1.9
2087-02-15T15:43:35Z,38.57882425,-107.7255568,91.3,1.8,5.3,0,22.8,1.3,21.2,97.4,51.9,35.4,4.4,2.9,0,2.9
2087-03-18T02:12:39Z,38.57882425,-107.7255568,84.5,0,36.8,0,43.8,3.3,40.3,94.5,26.8,36,3.4,21.4,0.8,20.6
2087-04-17T12:41:43Z,38.57882425,-107.7255568,80.5,0,37,0,60.4,9.7,51,93.7,9.6,50.7,0,48.1,2,46.1
2087-05-17T23:10:47Z,38.57882425,-107.7255568,51.9,0,33.8,0,112.2,44.6,67.4,75.2,6,45.6,0,93.9,17.2,76.2
2087-06-17T09:39:51Z,38.57882425,-107.7255568,15,0,0.4,0,163.6,137.6,26,33.6,0,2.1,0,127.6,81.9,45.3
2087-07-17T20:08:54Z,38.57882425,-107.7255568,7.5,0,57.6,0,159.3,107.1,52.2,8.5,0,7.8,0,146.1,125.6,20.4
2087-08-17T06:37:58Z,38.57882425,-107.7255568,9.9,0,45.5,0,145.8,106.8,38.9,12.1,0,75.1,0,118.2,70.2,47.9
2087-09-16T17:07:02Z,38.57882425,-107.7255568,34.2,0,70.7,0,92.5,33.6,59.4,26.6,0,23.4,0,75.6,45.7,29.6
2087-10-17T03:36:06Z,38.57882425,-107.7255568,36.3,0,37.7,0,59.3,31.5,27.5,20.1,0,11.9,1.1,43.3,27.6,15.4
2087-11-16T14:05:10Z,38.57882425,-107.7255568,62.5,0,59,0,18.1,6.2,11.8,24,0,23.2,0.8,10.7,7.1,3.5
2087-12-17T00:34:14Z,38.57882425,-107.7255568,95.9,25,34.5,0,10.1,0,10.1,70.7,0,20.5,5,1.7,0.2,1.5
2088-01-16T05:14:31Z,38.57882425,-107.7255568,97.4,30.5,23.4,0,6.2,0,6.2,97,44.9,35.3,0.7,1,0,1
2088-02-15T15:43:35Z,38.57882425,-107.7255568,96.9,19.2,25.9,0,14.6,0,14.4,97.5,53,36.2,9.4,2.7,0,2.7
2088-03-17T02:12:39Z,38.57882425,-107.7255568,92.1,19.5,52.9,0,42.1,1.8,40,97.2,62.3,37,0,11.5,0,11.5
2088-04-16T12:41:43Z,38.57882425,-107.7255568,74.4,0,29.1,0,70.8,14.2,56.5,83.8,0,22.1,0,50.1,5.6,44.7
2088-05-16T23:10:47Z,38.57882425,-107.7255568,41.2,0,14.5,0,109.9,56.6,53.1,58.1,0,14.8,0,83.3,32.4,50.6
2088-06-16T09:39:51Z,38.57882425,-107.7255568,12.2,0,0,0,147.6,129.3,18.2,23.6,0,12.3,0,125.4,88.1,37.6
2088-07-16T20:08:54Z,38.57882425,-107.7255568,2.6,0,20.8,0,166.6,142.8,23.3,6.8,0,9.1,0,136.9,118.9,18.1
2088-08-16T06:37:58Z,38.57882425,-107.7255568,9.2,0,96.5,0,129.9,47.5,82.2,3.7,0,22.4,0,122,98.3,23.2
2088-09-15T17:07:02Z,38.57882425,-107.7255568,10,0,15.7,0,105.4,80.5,24.8,11,0,53.7,0,69.9,42.9,27.1
2088-10-16T03:36:06Z,38.57882425,-107.7255568,17.5,0,59,0,64,42,21.8,45.5,0,75.9,0,43.3,17.2,26.2
2088-11-15T14:05:10Z,38.57882425,-107.7255568,65.4,0,33.9,0,26.5,7.1,19.3,94,18.1,43.1,0,13.1,0.5,12.8
2088-12-16T00:34:14Z,38.57882425,-107.7255568,59.4,0,27.2,0,16,3.9,11.6,96.7,14.2,11.9,9.4,1.8,0,1.8
2089-01-16T05:14:31Z,38.57882425,-107.7255568,79.4,0,10.9,0,20.9,3.6,17.6,97.1,28.8,14.3,31.2,0,0,0
2089-02-15T15:43:35Z,38.57882425,-107.7255568,87.7,0.3,33.6,0.4,15.5,1,14.4,97.6,52.5,7.6,0,2.4,0,2.4
2089-03-18T02:12:39Z,38.57882425,-107.7255568,83.4,0,8.3,0,44.7,6.7,38.2,93.1,10.6,19.7,0,27.9,1.1,26.5
2089-04-17T12:41:43Z,38.57882425,-107.7255568,56.2,0,18.5,0,70.3,26.1,44.1,90.6,0,28.9,0,42.1,2.1,40.3
2089-05-17T23:10:47Z,38.57882425,-107.7255568,26.3,0,4.8,0,115.3,82.4,33,72.1,0,64.1,0,84,13,71
2089-06-17T09:39:51Z,38.57882425,-107.7255568,6.9,0,2.9,0,148,134.7,13.1,53.7,0,15.9,0,123.2,54.6,68.4
2089-07-17T20:08:54Z,38.57882425,-107.7255568,1.5,0,15.2,0,162.8,145.1,17.6,22,0,57.8,0,140.3,76,64.3
2089-08-17T06:37:58Z,38.57882425,-107.7255568,7.7,0,53.1,0,142.8,98.9,43.6,16.5,0,50.8,0,119.2,61,58.1
2089-09-16T17:07:02Z,38.57882425,-107.7255568,7.6,0,18.2,0,93.4,71.4,22.1,33.4,0,75.8,0,80.4,29.4,51.1
2089-10-17T03:36:06Z,38.57882425,-107.7255568,44.6,0,62.5,0,49.4,24.5,25.1,45.7,0,59.8,0,47.3,17.6,29.7
2089-11-16T14:05:10Z,38.57882425,-107.7255568,48,0,3.2,1.8,18.2,8.3,9.8,68.5,0,5.4,7.5,14.4,3.9,10.3
2089-12-17T00:34:14Z,38.57882425,-107.7255568,45.7,0,3.5,1.8,12.2,5.5,6.6,80.3,3.2,12.2,3.9,0,0,0
2090-01-16T05:14:31Z,38.57882425,-107.7255568,50.1,0,17.3,0,14.7,4.9,9.2,97.3,33.3,12.6,2.1,2.4,0,2.4
2090-02-15T15:43:35Z,38.57882425,-107.7255568,66.4,0,15.2,0,8.3,1,7.4,97.3,31.1,23.3,1,4.2,0,4.2
2090-03-18T02:12:39Z,38.57882425,-107.7255568,90.7,16.7,61.3,0,36.8,1.7,35.5,97,25.3,29.8,0,14.4,0,14.3
2090-04-17T12:41:43Z,38.57882425,-107.7255568,89.4,0,44.1,0,60,3.7,56,87.5,2.4,12.6,0,48.4,5.8,42.6
2090-05-17T23:10:47Z,38.57882425,-107.7255568,63.1,0,38.9,0,108,31.4,77,84.8,12.8,106.5,0,91.9,7.5,84.8
2090-06-17T09:39:51Z,38.57882425,-107.7255568,22.5,0,5.2,0,148.1,110.2,38.4,51.3,0,21.2,0,119.5,50.4,69.3
2090-07-17T20:08:54Z,38.57882425,-107.7255568,6.5,0,38.8,0,159.4,120.6,38.4,19.3,0,32.4,0,136.8,88.7,47.8
2090-08-17T06:37:58Z,38.57882425,-107.7255568,5.2,0,1.9,0,148.9,139.1,9.9,13.1,0,62.8,0,117.6,61.2,56.8
2090-09-16T17:07:02Z,38.57882425,-107.7255568,9.3,0,31.3,0,100.3,74.1,26.4,15.5,0,9.6,0,78,59.2,18.6
2090-10-17T03:36:06Z,38.57882425,-107.7255568,5,0,1,0,65.3,60.6,4.8,19.4,0,31.6,0,45.2,28.9,16
2090-11-16T14:05:10Z,38.57882425,-107.7255568,9.4,0,10.7,0,23.3,17.8,5.6,29.9,0,6.1,0.1,15.1,8.2,7
2090-12-17T00:34:14Z,38.57882425,-107.7255568,13.9,0,2.5,0.3,9.7,7.6,2,49.5,0,4.4,0,1.4,0.1,1.3
2091-01-16T05:14:31Z,38.57882425,-107.7255568,24.7,0,1.2,0,16,11.2,4.5,83,0,6.4,5.9,1.6,0.2,1.3
2091-02-15T15:43:35Z,38.57882425,-107.7255568,26.5,0,27.3,0,33.4,16.4,17.2,97,55.2,38.6,0,6.8,0,6.7
2091-03-18T02:12:39Z,38.57882425,-107.7255568,40.2,0,41.9,0,45.3,18.7,26.9,95,6.8,28.1,0,24.6,0.4,23.8
2091-04-17T12:41:43Z,38.57882425,-107.7255568,54.5,0,30.1,0,64.2,23.2,41.3,86.7,0,46.9,0,66.6,5.1,62
2091-05-17T23:10:47Z,38.57882425,-107.7255568,30.3,0,26.3,0,116,69.6,46.6,61.1,0,24.3,0,91.8,29.1,63
2091-06-17T09:39:51Z,38.57882425,-107.7255568,12.1,0,13.6,0,149.8,120.1,29.5,27.5,0,20.5,0,116.6,71.4,45.6
2091-07-17T20:08:54Z,38.57882425,-107.7255568,2.5,0,11.7,0,169.5,153.3,16.1,19.1,0,61.2,0,127.3,70.4,56.8
2091-08-17T06:37:58Z,38.57882425,-107.7255568,0.8,0,28.4,0,146.1,117.6,28.3,14.8,0,39.2,0,112.3,68.8,43.8
2091-09-16T17:07:02Z,38.57882425,-107.7255568,19.5,0,89.9,0,97.6,60.9,36.3,21.6,0,68,0,77.2,45.5,31.7
2091-10-17T03:36:06Z,38.57882425,-107.7255568,48,0,20.3,0,54.5,24.2,30.3,54.1,0,32,0,43.8,13.6,30.4
2091-11-16T14:05:10Z,38.57882425,-107.7255568,41.1,0,10.6,0,29.7,14.2,15.4,62.2,0,21.2,8.5,10.1,3.4,6.8
2091-12-17T00:34:14Z,38.57882425,-107.7255568,38,0,18,0.4,20.6,10.2,10.8,81.1,1.1,6.6,0.9,0,0,0
2092-01-16T05:14:31Z,38.57882425,-107.7255568,79.6,19.9,71,0,13,0.1,12.8,97.1,14.7,2,5.3,4.6,0,4.5
2092-02-15T15:43:35Z,38.57882425,-107.7255568,86.5,0,22.5,0,30.7,2.4,28.4,97.6,34,18,35.9,1,0,1
2092-03-17T02:12:39Z,38.57882425,-107.7255568,88.9,5.8,45.5,0,41.9,3.1,38.8,96.3,64.3,12.8,0,17.6,0.3,17.2
2092-04-16T12:41:43Z,38.57882425,-107.7255568,84.3,8.7,28.1,0,60.4,8.2,52.4,79.8,0,16.4,0,49.1,8,41.1
2092-05-16T23:10:47Z,38.57882425,-107.7255568,45.9,0,31.5,0,112.8,46.4,66.4,57.9,0,38.9,0,91.4,32.5,58.8
2092-06-16T09:39:51Z,38.57882425,-107.7255568,21.2,0,16.8,0,158.1,120.5,37.7,45.8,0,50.9,0,120.9,50.5,70.6
2092-07-16T20:08:54Z,38.57882425,-107.7255568,3.6,0,1.8,0,185.1,176.3,8.9,18.2,0,18.4,0,134,95.8,38.1
2092-08-16T06:37:58Z,38.57882425,-107.7255568,0.6,0,2.9,0,154,150.2,3.6,7.1,0,32.8,0,113.6,76.8,37.2
2092-09-15T17:07:02Z,38.57882425,-107.7255568,0.4,0,4.4,0,103.5,99.4,3.8,41.5,0,89.2,0,74.3,27.4,47
2092-10-16T03:36:06Z,38.57882425,-107.7255568,4.3,0,17.2,0,62.5,51.3,11,57.4,0,47.4,0,48,13.3,34.8
2092-11-15T14:05:10Z,38.57882425,-107.7255568,7,0,5.3,0,30.4,26.1,4.3,73.4,0,32.9,0,16.2,3.3,12.7
2092-12-16T00:34:14Z,38.57882425,-107.7255568,10.2,0,11.8,1.4,13.1,11.1,1.9,92.7,0,5.7,33.9,2.4,0,2.3
2093-01-16T05:14:31Z,38.57882425,-107.7255568,63.1,0,67.3,0,19.3,3.1,15.8,96.3,62.3,26.8,6.3,2.5,0,2.5
2093-02-15T15:43:35Z,38.57882425,-107.7255568,68.8,0,4.4,0,23.8,6.2,17.5,97.5,46.9,32.6,0,3.1,0,3.1
2093-03-18T02:12:39Z,38.57882425,-107.7255568,51.9,0,7.5,0,51.9,22.3,29.3,91.6,7.1,23.4,5.8,21.6,1.3,20
2093-04-17T12:41:43Z,38.57882425,-107.7255568,28,0,7.8,0,83.7,54.4,29.1,93.9,11.3,22.8,0,42.3,2.1,40.1
2093-05-17T23:10:47Z,38.57882425,-107.7255568,10,0,1.2,0,135.5,120.4,14.8,57.6,0,19.5,0,92.1,32.8,59.7
2093-06-17T09:39:51Z,38.57882425,-107.7255568,2.2,0,1.1,0,161.1,156.4,5,29.3,0,36.6,0,121.5,71.3,50.3
2093-07-17T20:08:54Z,38.57882425,-107.7255568,0.4,0,19.1,0,171,151.1,19.2,16.7,0,21.4,0,136.8,98.3,38.7
2093-08-17T06:37:58Z,38.57882425,-107.7255568,1.9,0,33.9,0,146,118.4,27.7,8.5,0,29.6,0,124.7,91.5,33.4
2093-09-16T17:07:02Z,38.57882425,-107.7255568,17.3,0,35.2,0,95.2,72.5,22.9,23,0,105.4,0,77.5,35.6,41.7
2093-10-17T03:36:06Z,38.57882425,-107.7255568,18.1,0,28.4,0,56.9,37.9,18.9,74.5,0,29.8,0,39.9,8,32
2093-11-16T14:05:10Z,38.57882425,-107.7255568,26.4,0,7,0,24.7,14.8,9.9,66.1,0,4,0.5,11.8,3.2,8.7
2093-12-17T00:34:14Z,38.57882425,-107.7255568,50.6,0,44.9,1.8,10.2,3.8,6.3,69.5,0,0,6.5,5.5,1.7,4.1
2094-01-16T05:14:31Z,38.57882425,-107.7255568,79.3,0,2.7,0,13.8,2.5,11.2,77.2,0,0.4,0.4,3.9,0.8,3.4
2094-02-15T15:43:35Z,38.57882425,-107.7255568,85.3,8.6,43,0,18.6,1.6,16.7,84.9,0,9.4,0,11,1.1,10
2094-03-18T02:12:39Z,38.57882425,-107.7255568,79.4,0,5.2,0,51.8,10.2,41.6,88.9,1.5,32.1,0,33.8,1.6,32.2
2094-04-17T12:41:43Z,38.57882425,-107.7255568,53.6,0,46.6,0,73,21.5,51.3,76.5,0,38.3,0,64,10.2,53.8
2094-05-17T23:10:47Z,38.57882425,-107.7255568,57.8,0,45.8,0,101.7,36.6,64.8,56.1,0,19.6,0,86,32,54
2094-06-17T09:39:51Z,38.57882425,-107.7255568,18.1,0,0,0,154,125.2,29,33.5,0,30.5,0,117.4,70,47.3
2094-07-17T20:08:54Z,38.57882425,-107.7255568,3.6,0,13.5,0,170.2,150.9,19.5,19.3,0,54.6,0,136.1,75.6,60.3
2094-08-17T06:37:58Z,38.57882425,-107.7255568,12.3,0,65.7,0,146.9,97.4,49.7,16.8,0,53.5,0,121.1,67.2,54.1
2094-09-16T17:07:02Z,38.57882425,-107.7255568,24.5,0,45.3,0,96.4,67.6,28.8,35.6,0,102.8,0,82.3,30,51.9
2094-10-17T03:36:06Z,38.57882425,-107.7255568,49.2,0,72.3,0,60.1,19.7,40.6,76.9,0,42.9,0,37.1,6.9,30.3
2094-11-16T14:05:10Z,38.57882425,-107.7255568,66.8,0,21.3,0,25.9,5.5,20.3,80.8,0,7.5,15,11.5,1.3,9.8
2094-12-17T00:34:14Z,38.57882425,-107.7255568,64.3,0,16.7,0,19.6,5.9,13.6,97.2,45.1,23.2,3.8,0,0,0
2095-01-16T05:14:31Z,38.57882425,-107.7255568,91,5.3,36.1,0,13.9,0.1,13.6,95.4,3.8,0,8.7,4.6,0,4.6
2095-02-15T15:43:35Z,38.57882425,-107.7255568,95.1,9.5,18.3,0,16.2,0.3,15.8,97.1,22.6,5.9,0,2.3,0,2.3
2095-03-18T02:12:39Z,38.57882425,-107.7255568,73.5,0,20.1,0,54.6,10.8,44.1,91.8,3.5,22.6,0,35.6,1.8,33.4
2095-04-17T12:41:43Z,38.57882425,-107.7255568,64.2,0,40.8,0,69.4,19.8,49.6,90.2,7.6,51.5,0,46.2,3,43.3
2095-05-17T23:10:47Z,38.57882425,-107.7255568,37.5,0,9.4,0,111.9,64.2,47.4,65.1,0,18.4,0,103.3,32.2,71
2095-06-17T09:39:51Z,38.57882425,-107.7255568,16,0,23.7,0,147.4,111,36.3,33.4,0,36.2,0,124.8,69.1,55
2095-07-17T20:08:54Z,38.57882425,-107.7255568,9.1,0,104.6,0,162.3,78.6,83.4,14.7,0,35.4,0,144.3,102,42.3
2095-08-17T06:37:58Z,38.57882425,-107.7255568,50.9,0,143.5,0,130.6,23.1,107.5,28.7,0,82.9,0,118.7,53.9,64.9
2095-09-16T17:07:02Z,38.57882425,-107.7255568,39.5,0,11.1,0,104.7,56.7,48,26.8,0,22.2,0,77.2,45.7,31.2
2095-10-17T03:36:06Z,38.57882425,-107.7255568,25,0,14.7,0,58,34.5,23.3,20,0,15,0,46.2,33.2,12.8
2095-11-16T14:05:10Z,38.57882425,-107.7255568,21.7,0,15.7,0,25.3,17.3,8.1,38.6,0,19,0,9.3,5,4.3
2095-12-17T00:34:14Z,38.57882425,-107.7255568,27.4,0,3.9,0,11.5,7.2,4.3,61.1,0,11.9,18.5,1.6,0.8,0.8
2096-01-16T05:14:31Z,38.57882425,-107.7255568,39.9,0,24.2,0,18.7,9.4,9.2,89.9,6.8,7.5,6,1,0,1
2096-02-15T15:43:35Z,38.57882425,-107.7255568,51.7,0,36.9,0,25,7.3,17.9,97.6,55.4,42,4.9,1,0,1
2096-03-17T02:12:39Z,38.57882425,-107.7255568,56.5,0,15.4,0,45.1,14.9,30.1,85.8,4,3.3,10.5,30.8,3.4,27.2
2096-04-16T12:41:43Z,38.57882425,-107.7255568,59.5,0,46.2,0,62.5,17.5,45.1,73.7,0,8.4,0,52.3,12,40.2
2096-05-16T23:10:47Z,38.57882425,-107.7255568,48.7,0,56.3,0,107.3,39.9,67.3,42.7,0,19.7,0,90.6,41.5,48.9
2096-06-16T09:39:51Z,38.57882425,-107.7255568,21.4,0,11.5,0,152.3,111.1,41.4,19.4,0,20.4,0,112.7,76.6,35.9
2096-07-16T20:08:54Z,38.57882425,-107.7255568,4.7,0,19.3,0,166.1,139.4,26.9,8.7,0,55.6,0,147,96.9,50.2
2096-08-16T06:37:58Z,38.57882425,-107.7255568,14.8,0,85.9,0,145,92.6,52.3,18.8,0,57.9,0,120.2,63.9,55.9
2096-09-15T17:07:02Z,38.57882425,-107.7255568,26.7,0,42.5,0,100.2,67.6,32.7,23.6,0,34.3,0,76.3,48.5,27.6
2096-10-16T03:36:06Z,38.57882425,-107.7255568,46.5,0,44.3,0,50.6,21.5,29.1,24.5,0,19.3,0,44.6,29.1,15.7
2096-11-15T14:05:10Z,38.57882425,-107.7255568,61.9,0,22.7,0,26.6,6.1,20.5,54.2,0,35.9,9,11.8,2.4,9.7
2096-12-16T00:34:14Z,38.57882425,-107.7255568,62.2,0,11.9,2.5,18.4,4.9,13.5,80.7,0,7.9,0.9,0.8,0,0.8
2097-01-16T05:14:31Z,38.57882425,-107.7255568,73.5,0,19,0,18.3,3.1,15.2,96.3,37.6,17.9,10,0,0,0
2097-02-15T15:43:35Z,38.57882425,-107.7255568,86.4,11.4,45.1,0,17.9,1.3,16.6,97.1,34.7,20.5,2.5,5,0,5
2097-03-18T02:12:39Z,38.57882425,-107.7255568,87.7,0,35.4,0,44.5,3,41.6,97.5,53.4,42.6,4.3,5.8,0,5.8
2097-04-17T12:41:43Z,38.57882425,-107.7255568,71.2,0,20.6,0,74,18.3,55.8,89.8,7.2,30.2,0,53,4.3,48.7
2097-05-17T23:10:47Z,38.57882425,-107.7255568,52.4,0,61.9,0,113.6,37.6,76.2,58,0,29.4,0,97.3,32.4,64.7
2097-06-17T09:39:51Z,38.57882425,-107.7255568,22.1,0,2,0,140.1,107.3,32.7,24.5,0,2.7,0,121.8,89.2,32.6
2097-07-17T20:08:54Z,38.57882425,-107.7255568,4.8,0,16.7,0,162,137.6,24.2,20.5,0,84.2,0,133,64,68.9
2097-08-17T06:37:58Z,38.57882425,-107.7255568,1.1,0,5.1,0,149,141.7,6.8,16.3,0,25.1,0,121.4,80.9,40.5
2097-09-16T17:07:02Z,38.57882425,-107.7255568,17.7,0,61.5,0,98.8,65.8,33.2,8.4,0,10.8,0,78.5,61.5,17
2097-10-17T03:36:06Z,38.57882425,-107.7255568,28.5,0,40.5,0,54.1,29.5,24.9,35.5,0,62.4,0,41.9,20.5,21.3
2097-11-16T14:05:10Z,38.57882425,-107.7255568,45.2,0,8.6,0,23.1,10.9,12.1,60.3,0,20.2,0,15.8,5.1,10.6
2097-12-17T00:34:14Z,38.57882425,-107.7255568,46.4,0,14.2,0,13.9,6,8.2,72.4,0,11.1,19.2,1.5,0.4,1.2
2098-01-16T05:14:31Z,38.57882425,-107.7255568,56.6,0,18.2,1,18.4,6.1,11.9,91,34,17.4,7.5,0,0,0
2098-02-15T15:43:35Z,38.57882425,-107.7255568,59.8,0,12.5,0,27.4,8.7,18.8,97.6,22.2,8.7,4.5,3.8,0,3.8
2098-03-18T02:12:39Z,38.57882425,-107.7255568,48.3,0,7,0,52.4,24.2,27.9,97.1,41.2,41.3,0.4,14.2,0,13.9
2098-04-17T12:41:43Z,38.57882425,-107.7255568,39.9,0,41.3,0,65.1,27.8,37.2,86.7,23.8,40,0,57.1,5.8,51.2
2098-05-17T23:10:47Z,38.57882425,-107.7255568,25.8,0,6,0,115.6,81.3,34.4,65,0,54.5,0,93.6,21.9,71.6
2098-06-17T09:39:51Z,38.57882425,-107.7255568,6.6,0,0.3,0,155.8,144.7,11.1,39.8,0,23,0,119.3,63,56.5
2098-07-17T20:08:54Z,38.57882425,-107.7255568,1.8,0,27.7,0,169.2,145.7,23.9,12.8,0,26.9,0,141.7,100.6,41.3
2098-08-17T06:37:58Z,38.57882425,-107.7255568,19.2,0,96,0,141.4,71.1,70,14.5,0,59,0,122.5,71.2,51.1
2098-09-16T17:07:02Z,38.57882425,-107.7255568,28.9,0,51.3,0,95.7,46.9,49.1,20.6,0,37.9,0,77.2,51.6,26
2098-10-17T03:36:06Z,38.57882425,-107.7255568,37.8,0,33.9,0,53.3,28.1,25.2,50.7,0,50.3,0,40.2,14.1,25.7
2098-11-16T14:05:10Z,38.57882425,-107.7255568,87.3,38.9,111,0,28.2,1.4,26.9,73.3,26.5,63.9,0.5,16.2,5.9,10.5
2098-12-17T00:34:14Z,38.57882425,-107.7255568,89.9,0,7.4,0,21.2,1.3,20.4,97.3,7.5,0.7,1.1,1.6,0,1.6
2099-01-16T05:14:31Z,38.57882425,-107.7255568,90.2,50.8,65.4,0,12.6,0.8,11.6,97.3,18,9.5,0.7,3.2,0,3.1
2099-02-15T15:43:35Z,38.57882425,-107.7255568,96.4,19.2,41.8,0,24.6,0.1,24.3,97.2,66.7,56.9,0,5.9,0,5.9
2099-03-18T02:12:39Z,38.57882425,-107.7255568,89.9,0.2,28.7,0,46.6,3,43.6,95.6,9.4,20.1,0,20,0.4,19.5
2099-04-17T12:41:43Z,38.57882425,-107.7255568,71.7,0,32.7,0,74.1,14.6,59.8,83,0,37.6,0,64.9,7.4,57.6
2099-05-17T23:10:47Z,38.57882425,-107.7255568,47,0,40.9,0,108.4,41.7,66.7,51.5,0,16.6,0,99.1,43.6,55.7
2099-06-17T09:39:51Z,38.57882425,-107.7255568,18.3,0,26.8,0,151.3,103.3,47.8,24.1,0,14.4,0,111.6,75.1,36.1
2099-07-17T20:08:54Z,38.57882425,-107.7255568,7.3,0,53,0,164.3,110.8,53.7,8.3,0,31.6,0,135.2,96.3,39.3
2099-08-17T06:37:58Z,38.57882425,-107.7255568,5.7,0,36.2,0,144.6,103.7,40.8,12.3,0,65.8,0,118.3,63.5,55.1
2099-09-16T17:07:02Z,38.57882425,-107.7255568,2.2,0,13.9,0,105.3,89.4,15.9,28.2,0,55.4,0,85.1,43.7,41.5
2099-10-17T03:36:06Z,38.57882425,-107.7255568,15.9,0,39.6,0,55.8,37.4,18.4,66.6,0,87.4,0,53.3,9.8,43.5
2099-11-16T14:05:10Z,38.57882425,-107.7255568,45.4,0,43.1,0,24,10.2,13.8,69.9,0,11.1,0.7,22.8,5.3,17.5
2099-12-17T00:34:14Z,38.57882425,-107.7255568,74.2,0,26.3,0.5,11.2,1.6,9.8,68.9,0,2.7,0.1,5.7,1.2,4.1
