year,month,lat,lon,soil_water_monthly,runoff_monthly,rain_monthly,agdd_monthly,accumswe_monthly,pet_monthly,deficit_monthly,aet_monthly
1980,1,44.702,-110.018,89.0500259399414,3.9584853649139404,3.9584853649139404,0,209.3255157470703,0,0,0
1980,2,44.702,-110.018,89.0500259399414,0,0,0,287.9095153808594,0,0,0
1980,3,44.702,-110.018,89.0500259399414,0,0,0,398.26153564453125,0,0,0
1980,4,44.702,-110.018,89.0500259399414,143.81410217285156,0,0,278.6914367675781,0,0,0
1980,5,44.702,-110.018,89.04840850830078,363.159423828125,61.706485748291016,2.75,4.097962856292725,5.097272872924805,5.047238826751709,0.05003414675593376
1980,6,44.702,-110.018,87.89325714111328,58.37950897216797,48.50957489013672,21.25,0,48.805023193359375,40.88667297363281,7.918349266052246
1980,7,44.702,-110.018,81.4460678100586,21.497657775878906,62.700008392333984,74.25,0,76.54234313964844,22.41893768310547,54.12340545654297
1980,8,44.702,-110.018,60.754451751708984,0,57.52827453613281,97.75,1.5585672855377197,55.01056671142578,10.728925704956055,44.281639099121094
1980,9,44.702,-110.018,87.389801025390625,67.09259033203125,60.912803649902344,0,0,28.144285202026367,12.285811424255371,15.858471870422363
1980,10,44.702,-110.018,86.24885559082031,10.981121063232422,0.562320351600647,0.25,0,15.228779792785645,12.02502155303955,3.2037570476531982
1980,11,44.702,-110.018,89.04622650146484,10.933841705322266,10.960273742675781,0.25,50.90372848510742,2.6881303787231445,2.676231861114502,0.011898666620254517
1980,12,44.702,-110.018,89.0500259399414,45.76536560058594,5.016000270843506,0.25,103.78636932373047,0,0,0
1981,1,44.702,-110.018,89.0500259399414,0,0,0.25,127.19436645507813,0,0,0
1981,2,44.702,-110.018,89.0500259399414,6.203938961029053,6.203938961029053,0.25,223.8184356689453,0,0,0
1981,3,44.702,-110.018,89.0500259399414,3.840851306915283,3.3440001010894775,0.25,260.1055908203125,0,0,0
1981,4,44.702,-110.018,89.0500259399414,118.14363098144531,20.900001525878906,0.25,243.1179656982422,0,0,0
1981,5,44.702,-110.018,89.0500259399414,323.1913146972656,68.74232482910156,0.25,43.6546516418457,0,0,0
1981,6,44.702,-110.018,88.0844497680664,194.70010375976562,118.283935546875,2.25,0,37.56038284301758,31.901073455810547,5.659313201904297
1981,7,44.702,-110.018,64.39801025390625,0,11.582164764404297,35,0,68.1692886352539,23.690706253051758,44.47858428955078
1981,8,44.702,-110.018,27.8309268951416,0,0,63.5,0,66.07959747314453,30.455827713012695,35.62376403808594
1981,9,44.702,-110.018,14.884048461914063,0,16.972715377807617,63.75,0,35.67414093017578,29.509767532348633,6.164375305175781
1981,10,44.702,-110.018,66.60382843017578,0,21.513492584228516,0,16.623924255371094,0.9900801181793213,0.737107515335083,0.2529726028442383
1981,11,44.702,-110.018,88.6787109375,14.20175552368164,7.919066429138184,0,74.44222259521484,3.3859803676605225,3.3624048233032227,0.023575376719236374
1981,12,44.702,-110.018,89.0500259399414,0,0,0,195.6622314453125,0,0,0
1982,1,44.702,-110.018,89.0500259399414,0,0,0,376.23822021484375,0,0,0
1982,2,44.702,-110.018,89.0500259399414,0,0,0,464.0182189941406,0,0,0
1982,3,44.702,-110.018,89.0500259399414,0,0,0,596.10626220703125,0,0,0
1982,4,44.702,-110.018,89.0500259399414,50.309974670410156,12.45840072631836,0,668.68829345703125,0,0,0
1982,5,44.702,-110.018,89.0500259399414,400.3664855957031,41.47649002075195,0,333.5297546386719,0,0,0
1982,6,44.702,-110.018,88.62107849121094,426.4830322265625,78.74369049072266,3.75,0,26.144987106323242,20.375288009643555,5.7697014808654785
1982,7,44.702,-110.018,78.342376708984375,19.89449119567871,41.2479133605957,33.5,0,67.51262664794922,19.302936553955078,48.209686279296875
1982,8,44.702,-110.018,47.10683059692383,0,42.63600158691406,101.5,0,71.842376708984375,14.515325546264648,57.32706069946289
1982,9,44.702,-110.018,50.180179595947266,0,23.383577346801758,108,22.7177677154541,29.650245666503906,13.08093547821045,16.56930923461914
1982,10,44.702,-110.018,86.816650390625,57.01396942138672,13.542850494384766,0,20.279775619506836,3.516572952270508,3.017754554748535,0.4988184869289398
1982,11,44.702,-110.018,89.0500259399414,0,0,0,72.9477767944336,0,0,0
1982,12,44.702,-110.018,89.0500259399414,0,0,0,164.07177734375,0,0,0
1983,1,44.702,-110.018,89.0500259399414,0,0,0,247.67178344726562,0,0,0
1983,2,44.702,-110.018,89.0500259399414,0,0,0,301.17578125,0,0,0
1983,3,44.702,-110.018,89.0500259399414,0,0,0,378.0877990722656,0,0,0
1983,4,44.702,-110.018,89.0500259399414,70.468658447265625,2.508000135421753,0,343.567138671875,0,0,0
1983,5,44.702,-110.018,89.0500259399414,136.1555633544922,16.92055892944336,0,293.51959228515625,0,0,0
1983,6,44.702,-110.018,88.938232421875,327.7618408203125,34.414649963378906,0,0,8.874797821044922,6.786101341247559,2.0886967182159424
1983,7,44.702,-110.018,84.75343322753906,41.953121185302734,63.29692840576172,24.75,0,55.57845687866211,15.845901489257812,39.73255920410156
1983,8,44.702,-110.018,77.91511535644531,0,41.79999923706055,71.75,0,64.865325927734375,12.512728691101074,52.35259246826172
1983,9,44.702,-110.018,81.7780532836914,38.62419891357422,41.4132080078125,73,1.3751639127731323,14.380598068237305,5.717182159423828,8.663415908813477
1983,10,44.702,-110.018,88.9649429321289,110.75443267822266,37.555091857910156,0,0,7.454085826873779,6.436346530914307,1.0177388191223145
1983,11,44.702,-110.018,89.04847717285156,9.342962265014648,7.443594455718994,0,91.76673126220703,0.3687734007835388,0.3674563467502594,0.001317047979682684
1983,12,44.702,-110.018,89.0500259399414,0,0,0,204.62673950195312,0,0,0
1984,1,44.702,-110.018,89.0500259399414,0,0,0,247.2627410888672,0,0,0
1984,2,44.702,-110.018,89.0500259399414,0,0,0,289.89874267578125,0,0,0
1984,3,44.702,-110.018,89.0500259399414,0,0,0,330.86273193359375,0,0,0
1984,4,44.702,-110.018,89.0500259399414,56.85157775878906,0,0,365.1351623535156,0,0,0
1984,5,44.702,-110.018,89.0500259399414,271.1258544921875,40.97611999511719,0,249.5053253173828,0,0,0
1984,6,44.702,-110.018,88.22511291503906,318.893310546875,42.2560920715332,3.25,0,21.767141342163086,16.308027267456055,5.459115505218506
1984,7,44.702,-110.018,78.86650848388672,11.656250953674316,53.914432525634766,31.5,0,71.65985107421875,21.722475051879883,49.93737030029297
1984,8,44.702,-110.018,68.283599853515625,0,46.81599807739258,58,0,63.302764892578125,12.627972602844238,50.67478561401367
1984,9,44.702,-110.018,81.73344421386719,16.53247833251953,9.39252758026123,0,32.1176872253418,19.19831657409668,8.344010353088379,10.854307174682617
1984,10,44.702,-110.018,87.2621078491211,32.1176872253418,0,0,72.73200225830078,8.561301231384277,6.422602653503418,2.138698101043701
1984,11,44.702,-110.018,86.91130065917969,0,0,0,158.00401306152344,0,0,0
1984,12,44.702,-110.018,86.91130065917969,0,0,0,223.21200561523437,0,0,0
1985,1,44.702,-110.018,86.91130828857422,0,0,0,240.76800537109375,0,0,0
1985,2,44.702,-110.018,86.91130065917969,0,0,0,295.1080017089844,0,0,0
1985,3,44.702,-110.018,86.91130828857422,0,0,0,388.7400207519531,0,0,0
1985,4,44.702,-110.018,88.99108123779297,250.41603088378906,0,0,176.31329345703125,0,0,0
1985,5,44.702,-110.018,89.04115295410156,236.139892578125,45.482112884521484,0,1.108007788658142,16.513877868652344,16.420482635498047,0.0933946743607521
1985,6,44.702,-110.018,88.25468444824219,43.91788864135742,22.627567291259766,2.25,0,50.099491119384766,44.43783187866211,5.661656856536865
1985,7,44.702,-110.018,75.66703796386719,9.893649101257324,61.86400604248047,62.25,0,79.40555572509766,26.98715591430664,52.418399810791016
1985,8,44.702,-110.018,79.57966613769531,30.20646858215332,42.59191131591797,79,0,51.57355499267578,10.56081485748291,41.012733459472656
1985,9,44.702,-110.018,86.174530029296875,29.88477325439453,32.54328155517578,79,30.78520965576172,18.4930419921875,6.18580961227417,12.307229995727539
1985,10,44.702,-110.018,89.02613830566406,80.8192138671875,10.868000984191895,0,0,3.098689317703247,2.9477877616882324,0.15090149641036987
1985,11,44.702,-110.018,89.0251235961914,0,0,0,122.89200592041016,0,0,0
1985,12,44.702,-110.018,89.0251235961914,0,0,0,163.8560028076172,0,0,0
1986,1,44.702,-110.018,89.0251235961914,0,0,0,249.1280059814453,0,0,0
1986,2,44.702,-110.018,89.02867889404297,8.715734481811523,0,0,427.6513977050781,0,0,0
1986,3,44.702,-110.018,89.0500259399414,52.22188949584961,0,0,431.4414978027344,0,0,0
1986,4,44.702,-110.018,89.0500259399414,72.84767150878906,9.996094703674316,0,464.7658386230469,0,0,0
1986,5,44.702,-110.018,89.0500259399414,449.7947998046875,6.688000202178955,0.25,81.85096740722656,0,0,0
1986,6,44.702,-110.018,87.53154754638672,128.04034423828125,44.78974914550781,12.75,0,57.9835205078125,50.49367904663086,7.489835739135742
1986,7,44.702,-110.018,84.25849151611328,45.90074157714844,90.46149444580078,21.5,0,58.625396728515625,18.56162452697754,40.06376266479492
1986,8,44.702,-110.018,71.08068084716797,0,41.79999923706055,54.25,0,65.58744049072266,12.890152931213379,52.69728088378906
1986,9,44.702,-110.018,86.70664978027344,18.6592960357666,25.731775283813477,54.25,37.640628814697266,13.592362403869629,4.745285987854004,8.847076416015625
1986,10,44.702,-110.018,88.7423324584961,57.41325759887695,0,0,14.212000846862793,8.569092750549316,7.680855751037598,0.88823699951171875
1986,11,44.702,-110.018,88.45313262939453,0,0,0,127.90800476074219,0,0,0
1986,12,44.702,-110.018,88.45313262939453,0,0,0,127.90800476074219,0,0,0
1987,1,44.702,-110.018,88.45313262939453,0,0,0,174.72401428222656,0,0,0
1987,2,44.702,-110.018,88.45313262939453,0,0,0,223.21200561523437,0,0,0
1987,3,44.702,-110.018,88.99226379394531,18.514080047607422,0,0,241.7210693359375,0,0,0
1987,4,44.702,-110.018,89.0500259399414,269.30908203125,0,0,0,4.777005672454834,4.777005672454834,0
1987,5,44.702,-110.018,89.04915618896484,114.20597839355469,57.61293411254883,0,6.1511664390563965,25.146347045898437,25.119482040405273,0.026865344494581223
1987,6,44.702,-110.018,88.24433135986328,57.50111389160156,42.07302474975586,11.5,0,56.163875579833984,49.62123107910156,6.542640686035156
1987,7,44.702,-110.018,82.52685546875,43.76844024658203,75.36669158935547,42.25,0,63.097137451171875,19.895687103271484,43.20144271850586
1987,8,44.702,-110.018,63.32689666748047,0,20.427135467529297,52.25,0,52.32353591918945,10.172460556030273,42.15107727050781
1987,9,44.702,-110.018,49.59516906738281,0,0,55.75,0,34.6108512878418,15.265924453735352,19.344928741455078
1987,10,44.702,-110.018,41.25786209106445,0,0,0,0,7.669589042663574,6.325823783874512,1.343765377998352
1987,11,44.702,-110.018,41.0206413269043,0,0,0,14.212000846862793,0.9817837476730347,0.978236973285675,0.0035467646084725857
1987,12,44.702,-110.018,41.02022171020508,0,0,0,86.944000244140625,0,0,0
1988,1,44.702,-110.018,41.02022171020508,0,0,0,152.15200805664062,0,0,0
1988,2,44.702,-110.018,41.419944763183594,0,0,0,210.27537536621094,0,0,0
1988,3,44.702,-110.018,46.51946258544922,0,0,0,244.82675170898437,0,0,0
1988,4,44.702,-110.018,69.43001556396484,0,2.2312204837799072,0,316.93194580078125,0,0,0
1988,5,44.702,-110.018,88.89979553222656,193.31243896484375,8.3600006103515625,0,219.29380798339844,0,0,0
1988,6,44.702,-110.018,86.9065170288086,219.2938232421875,0,21.25,0,50.43140411376953,41.876529693603516,8.55487060546875
1988,7,44.702,-110.018,56.104591369628906,0,0,87.5,0,80.52558135986328,27.67375946044922,52.85184097290039
1988,8,44.702,-110.018,15.800500869750977,0,0,102,0,61.47888946533203,42.82859420776367,18.650304794311523
1988,9,44.702,-110.018,8.405906677246094,0,1.0289844274520874,0,0,25.39946174621582,22.658832550048828,2.7406325340270996
1988,10,44.702,-110.018,15.813182830810547,0,8.424461364746094,0,0,16.79852294921875,16.10947608947754,0.6890506148338318
1988,11,44.702,-110.018,23.119304656982422,0,0,0,153.82400512695312,0.4246935546398163,0.4246935546398163,0
1988,12,44.702,-110.018,23.119304656982422,0,0,0,175.5600128173828,0,0,0
1989,1,44.702,-110.018,23.119306564331055,0,0,0,251.63601684570312,0,0,0
1989,2,44.702,-110.018,23.119304656982422,0,0,0,334.4000244140625,0,0,0
1989,3,44.702,-110.018,51.3189697265625,0,6.29986572265625,0,450.5135192871094,0,0,0
1989,4,44.702,-110.018,83.49837493896484,142.632568359375,18.393192291259766,0,348.2127685546875,0,0,0
1989,5,44.702,-110.018,89.0500259399414,328.74395751953125,47.65060806274414,0,111.42874908447266,0,0,0
1989,6,44.702,-110.018,88.5838623046875,135.1551513671875,15.932723999023438,2.5,0,39.16648864746094,33.93665313720703,5.229841232299805
1989,7,44.702,-110.018,65.70000457763672,0,8.3600006103515625,93,0,85.743377685546875,28.197677612304687,57.545692443847656
1989,8,44.702,-110.018,33.88486099243164,0,31.960987091064453,113.75,0,56.892486572265625,21.33414077758789,35.558349609375
1989,9,44.702,-110.018,32.24979019165039,0,4.0531487464904785,113.75,0,30.614574432373047,18.505455017089844,12.109118461608887
1989,10,44.702,-110.018,55.380489349365234,0,2.783970355987549,0,24.244001388549805,7.6987833976745605,6.635469913482666,1.0633125305175781
1989,11,44.702,-110.018,63.90816879272461,0,0,0,106.14569091796875,0,0,0
1989,12,44.702,-110.018,65.03160858154297,0,1.4210854715202004e-14,0,177.2056884765625,0,0,0
1990,1,44.702,-110.018,65.03160858154297,0,0,0,250.77369689941406,0,0,0
1990,2,44.702,-110.018,65.03160858154297,0,0,0,282.54168701171875,0,0,0
1990,3,44.702,-110.018,67.03032684326172,0,0,0,307.0347595214844,0,0,0
1990,4,44.702,-110.018,88.832122802734375,146.48028564453125,26.8695011138916,0,239.95101928710937,0,0,0
1990,5,44.702,-110.018,89.0500259399414,224.9855499267578,32.604000091552734,0,109.4334716796875,0,0,0
1990,6,44.702,-110.018,87.84837341308594,148.57830810546875,28.21112060546875,18,0,36.30003356933594,29.510900497436523,6.789135456085205
1990,7,44.702,-110.018,71.6598129272461,0,35.02490234375,56,0,71.5671157836914,24.583457946777344,46.98366165161133
1990,8,44.702,-110.018,61.5394172668457,0,40.12800216674805,91.25,0,64.926666259765625,12.609821319580078,52.31684112548828
1990,9,44.702,-110.018,47.194339752197266,0,8.027074813842773,105.75,0,43.289756774902344,18.623218536376953,24.66653823852539
1990,10,44.702,-110.018,56.45091247558594,42.49474334716797,6.044655799865723,0,0,2.8870692253112793,2.099806785583496,0.7872624397277832
1990,11,44.702,-110.018,89.04902648925781,18.478256225585937,0,0,59.26674270629883,0,0,0
1990,12,44.702,-110.018,89.0500259399414,0,0,0,113.60674285888672,0,0,0
1991,1,44.702,-110.018,89.0500259399414,1.4210854715202004e-14,1.4210854715202004e-14,0,160.42274475097656,0,0,0
1991,2,44.702,-110.018,89.0500259399414,0,0,0,193.02674865722656,0,0,0
1991,3,44.702,-110.018,89.0500259399414,0,0,0,294.1827392578125,0,0,0
1991,4,44.702,-110.018,89.0500259399414,45.59220504760742,0,0,338.8785400390625,0,0,0
1991,5,44.702,-110.018,89.0500259399414,387.0508728027344,84.22762298583984,0,77.22764587402344,0,0,0
1991,6,44.702,-110.018,87.90449523925781,95.976470947265625,23.675640106201172,0.25,1.3231346607208252,48.8881721496582,43.8801155090332,5.008049011230469
1991,7,44.702,-110.018,73.138275146484375,2.9991722106933594,18.392000198364258,56,0,79.334747314453125,24.982284545898438,54.352455139160156
1991,8,44.702,-110.018,35.09471130371094,0,14.212000846862793,114.5,0,70.2166976928711,25.820363998413086,44.396331787109375
1991,9,44.702,-110.018,37.89181137084961,0,23.409177780151367,121,0,29.244470596313477,18.046630859375,11.197834968566895
1991,10,44.702,-110.018,43.016807556152344,0,0,0,59.35600280761719,12.996438026428223,10.22115421295166,2.775282621383667
1991,11,44.702,-110.018,42.368045806884766,0,0,0,170.54400634765625,0,0,0
1991,12,44.702,-110.018,42.368045806884766,0,0,0,216.5240020751953,0,0,0
1992,1,44.702,-110.018,42.368045806884766,0,0,0,232.4080047607422,0,0,0
1992,2,44.702,-110.018,42.368045806884766,0,0,0,270.02801513671875,0,0,0
1992,3,44.702,-110.018,46.112266540527344,0,0,0,286.6267395019531,0,0,0
1992,4,44.702,-110.018,86.9373550415039,231.33432006835937,3.13681697845459,0,111.55974578857422,0,0,0
1992,5,44.702,-110.018,89.04133605957031,181.6461639404297,49.332759857177734,0,0,25.751667022705078,25.60166358947754,0.15000662207603455
1992,6,44.702,-110.018,88.5587387084961,116.64815521240234,78.97007751464844,8,4.580531120300293,49.880165100097656,43.213253021240234,6.66691255569458
1992,7,44.702,-110.018,83.41312408447266,47.09295654296875,59.75252914428711,19.25,0,55.18367004394531,14.41912841796875,40.76454162597656
1992,8,44.702,-110.018,40.44807052612305,0,6.688000202178955,71.75,0,63.56652069091797,18.450836181640625,45.11567687988281
1992,9,44.702,-110.018,59.28408432006836,0,11.975034713745117,0,0,24.20918846130371,13.023222923278809,11.185962677001953
1992,10,44.702,-110.018,85.087188720703125,11.108760833740234,7.436028003692627,0,7.332687854766846,11.830177307128906,10.035383224487305,1.7947934865951538
1992,11,44.702,-110.018,88.91114044189453,0,0,0,61.672691345214844,0,0,0
1992,12,44.702,-110.018,88.91114044189453,0,0,0,163.66468811035156,0,0,0
1993,1,44.702,-110.018,88.91114044189453,0,0,0,217.168701171875,0,0,0
1993,2,44.702,-110.018,88.91114044189453,0,0,0,266.4927062988281,0,0,0
1993,3,44.702,-110.018,88.95146179199219,38.36683654785156,1.6720000505447388,0,279.81903076171875,0,0,0
1993,4,44.702,-110.018,89.0500259399414,4.123254299163818,1.7529395818710327,0,398.5877685546875,0,0,0
1993,5,44.702,-110.018,89.02997589111328,468.8117370605469,50.698341369628906,0,0,12.515861511230469,12.359413146972656,0.15644825994968414
1993,6,44.702,-110.018,88.4414291381836,66.50554656982422,35.81863784790039,2.25,0,33.25696563720703,28.213525772094727,5.043437480926514
1993,7,44.702,-110.018,84.25411224365234,64.82560729980469,64.58051300048828,11.5,0,38.98434066772461,10.54896354675293,28.435380935668945
1993,8,44.702,-110.018,67.16178131103516,0,16.720001220703125,18.75,0,54.4903564453125,10.549236297607422,43.94111633300781
1993,9,44.702,-110.018,48.221473693847656,0,4.613632678985596,18.75,0,28.36808967590332,11.775504112243652,16.592580795288086
1993,10,44.702,-110.018,65.6824722290039,0,5.671921730041504,0,3.3440001010894775,7.272610187530518,5.435218334197998,1.8373925685882568
1993,11,44.702,-110.018,87.432464599609375,0,0,0,33.44000244140625,0,0,0
1993,12,44.702,-110.018,87.43245697021484,0,0,0,90.28800201416016,0,0,0
1994,1,44.702,-110.018,87.43245697021484,0,0,0,191.4440155029297,0,0,0
1994,2,44.702,-110.018,87.4324722290039,0,0,0,285.9120178222656,0,0,0
1994,3,44.702,-110.018,88.98987579345703,34.60438537597656,0,0,275.6061096191406,0,0,0
1994,4,44.702,-110.018,89.0500259399414,229.3202362060547,2.508000135421753,0,89.757904052734375,0,0,0
1994,5,44.702,-110.018,89.03874206542969,161.50833129882812,56.508705139160156,0,0,25.878408432006836,25.707090377807617,0.17131800949573517
1994,6,44.702,-110.018,88.11487579345703,61.54043197631836,35.67877197265625,17,0,51.65315246582031,44.4386100769043,7.214548110961914
1994,7,44.702,-110.018,73.38277435302734,2.283201217651367,11.935759544372559,69.75,0,74.69329071044922,22.429746627807617,52.26355743408203
1994,8,44.702,-110.018,27.074935913085938,0,7.52400016784668,143,0,72.23921203613281,33.355430603027344,38.88377380371094
1994,9,44.702,-110.018,13.218019485473633,0,7.707074165344238,148.75,0,39.09366989135742,32.564449310302734,6.5292181968688965
1994,10,44.702,-110.018,58.27043914794922,0,27.33898162841797,0,41.53760528564453,2.8721261024475098,2.2617621421813965,0.6103643178939819
1994,11,44.702,-110.018,77.1295394897461,0,0,0,135.1696014404297,0,0,0
1994,12,44.702,-110.018,77.129547119140625,0,0,0,237.16160583496094,0,0,0
1995,1,44.702,-110.018,77.129547119140625,0,2.842170943040401e-14,0,336.6456298828125,0,0,0
1995,2,44.702,-110.018,80.54715728759766,2.685450792312622,5.016000270843506,0,387.2477111816406,0,0,0
1995,3,44.702,-110.018,89.0500259399414,11.660120010375977,11.549612045288086,0,488.4476013183594,0,0,0
1995,4,44.702,-110.018,89.0500259399414,29.069429397583008,3.9584853649139404,0,537.962158203125,0,0,0
1995,5,44.702,-110.018,89.0500259399414,322.84161376953125,42.23494338989258,0,275.31256103515625,0,0,0
1995,6,44.702,-110.018,88.63252258300781,333.8783264160156,42.89850997924805,3.25,0,25.144351959228516,20.908279418945313,4.236069202423096
1995,7,44.702,-110.018,77.70245361328125,7.00236177444458,24.7452392578125,33.25,0,67.7422866821289,20.99198341369629,46.75029754638672
1995,8,44.702,-110.018,52.190582275390625,0,38.579830169677734,81.75,0,64.12589263916016,12.732373237609863,51.393531799316406
1995,9,44.702,-110.018,62.793251037597656,0,26.861068725585938,97,5.016000270843506,31.719280242919922,12.643975257873535,19.0753116607666
1995,10,44.702,-110.018,83.786376953125,42.370765686035156,9.8435516357421875,0,46.16844940185547,1.715686559677124,1.3982288837432861,0.31745779514312744
1995,11,44.702,-110.018,89.0500259399414,4.1109442710876465,0,0,206.74951171875,0,0,0
1995,12,44.702,-110.018,89.0500259399414,0,0,0,303.72552490234375,0,0,0
1996,1,44.702,-110.018,89.0500259399414,0,0,0,442.50152587890625,0,0,0
1996,2,44.702,-110.018,89.0500259399414,0,0,0,538.64154052734375,0,0,0
1996,3,44.702,-110.018,89.0500259399414,9.178704261779785,5.438074588775635,0,620.5867919921875,0,0,0
1996,4,44.702,-110.018,89.0500259399414,116.84837341308594,7.52400016784668,0,565.60247802734375,0,0,0
1996,5,44.702,-110.018,89.0500259399414,254.34011840820313,80.45379638671875,0,485.986328125,0,0,0
1996,6,44.702,-110.018,88.23878479003906,497.51458740234375,13.254165649414063,4.75,0,32.56425857543945,26.441328048706055,6.122926712036133
1996,7,44.702,-110.018,66.95716094970703,0,26.75200080871582,51.75,0,78.83736419677734,24.477859497070313,54.35951614379883
1996,8,44.702,-110.018,35.651939392089844,0,5.8520002365112305,108.75,0,66.02410125732422,23.859302520751953,42.164794921875
1996,9,44.702,-110.018,33.77383041381836,0,20.05531120300293,0,0,25.32109832763672,18.062292098999023,7.258805751800537
1996,10,44.702,-110.018,72.73462677001953,0,0,0,56.012001037597656,13.331215858459473,10.056761741638184,3.274454116821289
1996,11,44.702,-110.018,78.91471099853516,0,0,0,172.60275268554687,0,0,0
1996,12,44.702,-110.018,82.66649627685547,0,0,0,425.07476806640625,0,0,0
1997,1,44.702,-110.018,83.17896270751953,0,0.5124908685684204,0,547.45428466796875,0,0,0
1997,2,44.702,-110.018,83.17896270751953,0,0,0,633.562255859375,0,0,0
1997,3,44.702,-110.018,85.99466705322266,42.363399505615234,6.688000202178955,0,651.371826171875,0,0,0
1997,4,44.702,-110.018,89.0500259399414,68.54441833496094,16.720001220703125,0,668.9354248046875,0,0,0
1997,5,44.702,-110.018,89.0500259399414,564.712890625,38.53694152832031,0.25,168.59446716308594,0,0,0
1997,6,44.702,-110.018,88.1161880493164,239.22653198242187,70.8375015258789,3.5,0,50.23838424682617,43.78376388549805,6.454614162445068
1997,7,44.702,-110.018,78.515380859375,33.289825439453125,53.44532012939453,43,0,67.68067169189453,19.577648162841797,48.10302734375
1997,8,44.702,-110.018,66.19300842285156,0,45.980003356933594,86.75,0,64.78559875488281,12.946368217468262,51.8392219543457
1997,9,44.702,-110.018,77.81751251220703,14.592320442199707,45.697139739990234,93.5,0,33.927677154541016,13.656371116638184,20.27130699157715
1997,10,44.702,-110.018,88.78278350830078,47.16111755371094,13.696850776672363,0,37.62000274658203,7.115088939666748,5.660831451416016,1.454257845878601
1997,11,44.702,-110.018,89.00179290771484,19.74917984008789,0,0,60.145057678222656,0,0,0
1997,12,44.702,-110.018,89.0500259399414,0,0,0,108.633056640625,0,0,0
1998,1,44.702,-110.018,89.0500259399414,0,0,0,234.03306579589844,0,0,0
1998,2,44.702,-110.018,89.0500259399414,0.3703148066997528,0,0,260.4147644042969,0,0,0
1998,3,44.702,-110.018,89.0500259399414,2.9797701835632324,1.6094553470611572,0,334.34698486328125,0,0,0
1998,4,44.702,-110.018,89.0500259399414,130.20928955078125,2.508000135421753,0,228.3817138671875,0,0,0
1998,5,44.702,-110.018,89.04151153564453,280.09136962890625,26.874849319458008,0,0,13.87082290649414,13.731660842895508,0.13916239142417908
1998,6,44.702,-110.018,88.89514923095703,140.45106506347656,94.6444091796875,0.75,0,16.78141212463379,14.038448333740234,2.742964029312134
1998,7,44.702,-110.018,62.363525390625,0,20.064001083374023,97.5,0,87.24201965332031,28.559532165527344,58.6824836730957
1998,8,44.702,-110.018,40.75454330444336,0,36.784000396728516,155,0,70.115478515625,19.16094207763672,50.95452880859375
1998,9,44.702,-110.018,48.204307556152344,0,45.869625091552734,191.5,0,42.118465423583984,20.848068237304687,21.27039909362793
1998,10,44.702,-110.018,83.4131088256836,0,8.477834701538086,0,7.332687854766846,12.343210220336914,10.26894474029541,2.0742666721343994
1998,11,44.702,-110.018,85.0648193359375,0,0,0,132.87037658691406,0,0,0
1998,12,44.702,-110.018,87.1191177368164,0,0,0,240.71438598632812,0,0,0
1999,1,44.702,-110.018,87.1191177368164,0,0,0,357.75439453125,0,0,0
1999,2,44.702,-110.018,87.1191177368164,0,0,0,457.2384033203125,0,0,0
1999,3,44.702,-110.018,88.24028778076172,80.43091583251953,3.3440001010894775,0,415.00457763671875,0,0,0
1999,4,44.702,-110.018,89.0500259399414,162.89483642578125,24.010967254638672,0,351.59375,0,0,0
1999,5,44.702,-110.018,89.04940032958984,408.56768798828125,13.558548927307129,0,1.526843786239624,1.5386936664581299,1.5194599628448486,0.019233670085668564
1999,6,44.702,-110.018,88.66295623779297,65.6329574584961,55.41501998901367,1.75,0.7500894665718079,41.684959411621094,36.317161560058594,5.367799282073975
1999,7,44.702,-110.018,69.67320251464844,0.7500894665718079,11.704000473022461,53.75,0,77.530517578125,23.722753524780273,53.80777359008789
1999,8,44.702,-110.018,41.63115310668945,0,45.14400100708008,112.5,0,68.8479232788086,17.85350227355957,50.994407653808594
1999,9,44.702,-110.018,53.28385543823242,0,20.04067039489746,112.5,0,28.60662841796875,12.651123046875,15.9555082321167
1999,10,44.702,-110.018,59.132606506347656,0,3.2775726318359375,0,5.388709545135498,13.972946166992188,11.585750579833984,2.3871958255767822
1999,11,44.702,-110.018,80.91957092285156,0,2.9214911460876465,0,41.28168869018555,5.97135066986084,5.936472415924072,0.034877680242061615
1999,12,44.702,-110.018,88.44457244873047,0,0,0,124.04569244384766,0,0,0
2000,1,44.702,-110.018,88.44457244873047,0,1.4210854715202004e-14,0,212.6616973876953,0,0,0
2000,2,44.702,-110.018,88.44457244873047,0,0,0,289.5736999511719,0,0,0
2000,3,44.702,-110.018,88.9914321899414,20.668142318725586,0.4220151901245117,0,324.3121032714844,0,0,0
2000,4,44.702,-110.018,89.0500259399414,280.1333923339844,28.48269271850586,0,115.23873138427734,0,0,0
2000,5,44.702,-110.018,89.03815460205078,218.820556640625,61.41185760498047,0,0,17.746490478515625,17.58714485168457,0.15934297442436218
2000,6,44.702,-110.018,88.415802001953125,46.918609619140625,41.245418548583984,8.5,0,48.00470733642578,41.732383728027344,6.272326946258545
2000,7,44.702,-110.018,69.77455139160156,0,19.22800064086914,94,0,84.12459564208984,24.861268997192383,59.2633171081543
2000,8,44.702,-110.018,31.85536766052246,0,24.244001388549805,162.5,0,71.22795867919922,27.492313385009766,43.73564910888672
2000,9,44.702,-110.018,32.50318908691406,0,15.10867977142334,0,0,31.647403717041016,19.222820281982422,12.424583435058594
2000,10,44.702,-110.018,78.38164520263672,19.042144775390625,21.971054077148438,0,0,9.18513298034668,7.952583312988281,1.2325499057769775
2000,11,44.702,-110.018,89.019683837890625,0,0,0,31.768001556396484,0,0,0
2000,12,44.702,-110.018,89.019683837890625,0,0,0,100.32000732421875,0,0,0
2001,1,44.702,-110.018,89.01969146728516,0,0,0,113.69600677490234,0,0,0
2001,2,44.702,-110.018,89.0196762084961,0,0,0,162.1840057373047,0,0,0
2001,3,44.702,-110.018,89.044158935546875,53.849185943603516,8.556222915649414,0,158.46449279785156,0,0,0
2001,4,44.702,-110.018,89.0500259399414,182.72866821289062,7.920165061950684,0,60.171836853027344,0,0,0
2001,5,44.702,-110.018,89.0361557006836,111.86933135986328,31.15677833557129,0,0,33.686283111572266,33.46440124511719,0.22188208997249603
2001,6,44.702,-110.018,87.52552032470703,58.94804382324219,15.388341903686523,28.25,0,54.601905822753906,46.70002365112305,7.901885509490967
2001,7,44.702,-110.018,75.884246826171875,5.03794002532959,34.2760009765625,101,0,82.57483673095703,27.97030258178711,54.60454177856445
2001,8,44.702,-110.018,33.89436721801758,0,10.032000541687012,189,0,75.4512710571289,27.794483184814453,47.65679168701172
2001,9,44.702,-110.018,23.6289005279541,0,5.681192874908447,208.25,0,40.64070129394531,29.109975814819336,11.530732154846191
2001,10,44.702,-110.018,37.1078987121582,0,5.486536502838135,0,7.52400016784668,8.573380470275879,7.669721603393555,0.9036577343940735
2001,11,44.702,-110.018,84.24732208251953,3.0968518257141113,4.762297630310059,0,34.2760009765625,2.861537218093872,2.8517215251922607,0.009815623983740807
2001,12,44.702,-110.018,89.0444107055664,0,0,0,106.17200469970703,0,0,0
2002,1,44.702,-110.018,89.0444107055664,0,0,0,176.39601135253906,0,0,0
2002,2,44.702,-110.018,89.0444107055664,0,0,0,206.49200439453125,0,0,0
2002,3,44.702,-110.018,89.04621887207031,23.44251251220703,6.688000202178955,0,269.1518859863281,0,0,0
2002,4,44.702,-110.018,89.0500259399414,96.70793914794922,24.740676879882812,0,256.0439453125,0,0,0
2002,5,44.702,-110.018,89.0437240600586,318.7198181152344,19.754091262817383,0.25,0,8.8880767822265625,8.776975631713867,0.11110096424818039
2002,6,44.702,-110.018,88.1897964477539,64.28985595703125,38.53774642944336,25.75,0,52.071475982666016,44.31366729736328,7.7578125
2002,7,44.702,-110.018,65.65125274658203,0,31.768001556396484,133.25,0,88.1935806274414,29.025259017944336,59.168312072753906
2002,8,44.702,-110.018,43.612430572509766,0,25.916000366210938,148,0,61.371925354003906,15.530839920043945,45.84108352661133
2002,9,44.702,-110.018,47.40572738647461,0,30.056570053100586,156,0.9741045832633972,34.1429443359375,15.888204574584961,18.254741668701172
2002,10,44.702,-110.018,79.9797592163086,5.2338104248046875,10.41390323638916,0,10.074284553527832,4.843703269958496,4.0425872802734375,0.8011164665222168
2002,11,44.702,-110.018,89.0500259399414,10.740629196166992,0,0,82.09765625,0,0,0
2002,12,44.702,-110.018,89.0500259399414,0,0,0,141.4536590576172,0,0,0
2003,1,44.702,-110.018,89.0500259399414,0.4995657801628113,0.4995657801628113,0,237.9300994873047,0,0,0
2003,2,44.702,-110.018,89.0500259399414,0,0,0,311.49810791015625,0,0,0
2003,3,44.702,-110.018,89.0500259399414,54.02369689941406,9.630941390991211,0,377.02239990234375,0,0,0
2003,4,44.702,-110.018,89.0500259399414,227.44558715820312,31.11957550048828,0,203.08082580566406,0,0,0
2003,5,44.702,-110.018,89.035491943359375,274.7574768066406,42.41448974609375,9.5,0,19.728927612304687,19.48676872253418,0.24215838313102722
2003,6,44.702,-110.018,88.57483673095703,25.951934814453125,25.14630126953125,17.75,0,50.90853500366211,45.20262145996094,5.705924034118652
2003,7,44.702,-110.018,58.718875885009766,0,0,142.5,0,91.628021240234375,32.409061431884766,59.21894454956055
2003,8,44.702,-110.018,22.313282012939453,0,23.408000946044922,242.5,0,75.662017822265625,42.294334411621094,33.367679595947266
2003,9,44.702,-110.018,36.28099060058594,0,30.319522857666016,251.5,0,31.634288787841797,19.944618225097656,11.689669609069824
2003,10,44.702,-110.018,54.314815521240234,0,11.968013763427734,0,7.523800849914551,16.54585838317871,13.643230438232422,2.9026272296905518
2003,11,44.702,-110.018,69.05076599121094,0,3.552713678800501e-15,0,101.62149047851562,0,0,0
2003,12,44.702,-110.018,69.27295684814453,0,1.4210854715202004e-14,0,197.76148986816406,0,0,0
2004,1,44.702,-110.018,69.27295684814453,0,0,0,268.8215026855469,0,0,0
2004,2,44.702,-110.018,69.27295684814453,0,0,0,306.4414978027344,0,0,0
2004,3,44.702,-110.018,80.99066925048828,135.0370635986328,0,0,184.23141479492187,0,0,0
2004,4,44.702,-110.018,89.0500259399414,235.22743225097656,15.389459609985352,0,0,2.1793770790100098,2.1793770790100098,0
2004,5,44.702,-110.018,89.04988861083984,102.14572143554687,61.63045120239258,0,2.3500146865844727,17.045669555664062,17.041406631469727,0.004263140726834536
2004,6,44.702,-110.018,88.63471221923828,76.7073974609375,66.35045623779297,0.5,0,50.31590270996094,43.85408020019531,6.461812973022461
2004,7,44.702,-110.018,82.89750671386719,25.789464950561523,65.20800018310547,41.75,0,74.81254577636719,21.838233947753906,52.97431182861328
2004,8,44.702,-110.018,61.977935791015625,5.094215393066406,46.581783294677734,66,0,56.1683235168457,10.95151424407959,45.2168083190918
2004,9,44.702,-110.018,87.75548553466797,69.11851501464844,49.79286193847656,0,0,26.382322311401367,11.31920051574707,15.063122749328613
2004,10,44.702,-110.018,88.11519622802734,26.04082489013672,13.298213958740234,0,49.375553131103516,10.2844820022583,7.756476402282715,2.528006076812744
2004,11,44.702,-110.018,89.04740905761719,57.73555374145508,0,0,20.064001083374023,1.356845498085022,1.3528670072555542,0.003978381864726543
2004,12,44.702,-110.018,89.0459976196289,0,0,0,79.42000579833984,0,0,0
2005,1,44.702,-110.018,89.0477066040039,9.736650466918945,0,0,129.8713836669922,0,0,0
2005,2,44.702,-110.018,89.0500259399414,0,0,0,174.17938232421875,0,0,0
2005,3,44.702,-110.018,89.0500259399414,17.85552406311035,3.1148946285247803,0,226.5478515625,0,0,0
2005,4,44.702,-110.018,89.0500259399414,170.22079467773437,9.236372947692871,0,105.65106964111328,0,0,0
2005,5,44.702,-110.018,89.03968811035156,208.78738403320312,77.88751983642578,0,2.910896062850952,16.087190628051758,15.962371826171875,0.1248176321387291
2005,6,44.702,-110.018,88.5061264038086,79.25243377685547,57.63688278198242,9.5,0,42.074317932128906,35.79608154296875,6.278228759765625
2005,7,44.702,-110.018,73.026092529296875,0,28.423999786376953,93,0,83.38563537597656,26.386327743530273,56.999305725097656
2005,8,44.702,-110.018,57.62172317504883,0,41.68268585205078,137.25,0,64.064697265625,12.451288223266602,51.613399505615234
2005,9,44.702,-110.018,59.771827697753906,0,29.489479064941406,146.25,0,31.318132400512695,12.735879898071289,18.58224868774414
2005,10,44.702,-110.018,88.71751403808594,26.085494995117188,9.5467376708984375,0,18.26327896118164,12.081562995910645,10.429059982299805,1.6525028944015503
2005,11,44.702,-110.018,89.0500259399414,42.20139694213867,13.625021934509277,0,81.39788818359375,0,0,0
2005,12,44.702,-110.018,89.0500259399414,0,0,0,182.55389404296875,0,0,0
2006,1,44.702,-110.018,89.0500259399414,2.842170943040401e-14,2.842170943040401e-14,0,264.4819030761719,0,0,0
2006,2,44.702,-110.018,89.0500259399414,0,0,0,310.4618835449219,0,0,0
2006,3,44.702,-110.018,89.0500259399414,15.237411499023438,9.603358268737793,0,352.9084777832031,0,0,0
2006,4,44.702,-110.018,89.0500259399414,250.54983520507812,47.081398010253906,0,169.23866271972656,0,0,0
2006,5,44.702,-110.018,89.043731689453125,240.84922790527344,44.89277648925781,1.75,0.16562671959400177,24.50542640686035,24.385581970214844,0.11984281986951828
2006,6,44.702,-110.018,87.73897552490234,18.742290496826172,18.9445743560791,26.5,0,67.70555877685547,59.70258712768555,8.002972602844238
2006,7,44.702,-110.018,73.86444854736328,11.425267219543457,36.78400421142578,148,0,91.203399658203125,28.507469177246094,62.6959228515625
2006,8,44.702,-110.018,28.519725799560547,0,13.37600040435791,195,0,67.97593688964844,30.613283157348633,37.36265563964844
2006,9,44.702,-110.018,27.370037078857422,0,18.469057083129883,203.5,0,34.27151870727539,23.941072463989258,10.330445289611816
2006,10,44.702,-110.018,79.38117980957031,22.724994659423828,28.85212516784668,0,16.339706420898438,5.4951982498168945,4.017816066741943,1.4773821830749512
2006,11,44.702,-110.018,89.0500259399414,60.78330612182617,18.32314682006836,0,37.48440933227539,0,0,0
2006,12,44.702,-110.018,89.0500259399414,0,0,0,106.03640747070312,0,0,0
2007,1,44.702,-110.018,89.0500259399414,0,0,0,139.47640991210937,0,0,0
2007,2,44.702,-110.018,89.0500259399414,12.359137535095215,2.508000135421753,0,241.64927673339844,0,0,0
2007,3,44.702,-110.018,89.0500259399414,176.6942138671875,7.52400016784668,0,94.2150650024414,0,0,0
2007,4,44.702,-110.018,89.0500259399414,181.1590576171875,32.20294189453125,0,0,6.625969886779785,6.625969886779785,0
2007,5,44.702,-110.018,89.03495025634766,33.424461364746094,14.728164672851563,0,0,40.70766067504883,40.57988357543945,0.12777462601661682
2007,6,44.702,-110.018,87.246337890625,25.247709274291992,18.63970184326172,33.75,0,66.26021575927734,57.595462799072266,8.6647491455078125
2007,7,44.702,-110.018,59.06466293334961,0,22.572002410888672,196.5,0,97.703857421875,31.87189292907715,65.83196258544922
2007,8,44.702,-110.018,34.9030647277832,0,40.12800216674805,271,0,72.42382049560547,25.17643928527832,47.24738311767578
2007,9,44.702,-110.018,49.85483932495117,0,45.81269836425781,285.75,0,34.44693374633789,16.30356788635254,18.14336395263672
2007,10,44.702,-110.018,86.28163146972656,91.65911102294922,31.495447158813477,0,11.704000473022461,8.981417655944824,7.511547565460205,1.4698704481124878
2007,11,44.702,-110.018,89.04334259033203,25.978233337402344,12.269185066223145,0,54.20810317993164,1.8892946243286133,1.871999979019165,0.017294617369771004
2007,12,44.702,-110.018,89.0500259399414,0,0,0,157.03610229492187,0,0,0
2008,1,44.702,-110.018,89.0500259399414,0,0,0,251.5041046142578,0,0,0
2008,2,44.702,-110.018,89.0500259399414,0,0,0,324.2361145019531,0,0,0
2008,3,44.702,-110.018,89.0500259399414,0,0,0,455.4881286621094,0,0,0
2008,4,44.702,-110.018,89.0500259399414,112.9176025390625,5.016000270843506,0,397.74652099609375,0,0,0
2008,5,44.702,-110.018,89.04930114746094,547.39056396484375,98.34051513671875,0,0,1.786487102508545,1.7641559839248657,0.022331086918711662
2008,6,44.702,-110.018,87.3254623413086,122.7813949584961,47.78468704223633,11.5,0,46.644832611083984,38.582000732421875,8.062832832336426
2008,7,44.702,-110.018,56.61845779418945,0,2.508000135421753,84,0,82.94560241699219,28.298397064208984,54.64719009399414
2008,8,44.702,-110.018,16.375837326049805,0,7.52400016784668,145.75,0,69.49152374267578,46.992408752441406,22.499122619628906
2008,9,44.702,-110.018,33.295047760009766,0,23.55988121032715,0,0,27.71953773498535,17.169771194458008,10.549768447875977
2008,10,44.702,-110.018,57.53275680541992,0,9.672080993652344,0,0,11.590070724487305,10.194344520568848,1.3957278728485107
2008,11,44.702,-110.018,82.86554718017578,10.790712356567383,1.4478204250335693,0,40.950923919677734,0.5005316138267517,0.5005316138267517,0
2008,12,44.702,-110.018,89.0500259399414,0,7.105427357601002e-15,0,134.5829315185547,0,0,0
2009,1,44.702,-110.018,89.0500259399414,0,0,0,228.21493530273437,0,0,0
2009,2,44.702,-110.018,89.0500259399414,2.842170943040401e-14,2.842170943040401e-14,0,284.2269287109375,0,0,0
2009,3,44.702,-110.018,89.0500259399414,47.25299835205078,2.508000135421753,0,343.14593505859375,0,0,0
2009,4,44.702,-110.018,89.0500259399414,205.5227813720703,16.314260482788086,0,216.2071533203125,0,0,0
2009,5,44.702,-110.018,89.01361083984375,264.6951599121094,27.110702514648438,0,0,20.0036563873291,19.774616241455078,0.22904199361801147
2009,6,44.702,-110.018,88.2976303100586,107.74333190917969,102.09992218017578,6.25,0,47.27431869506836,40.673465728759766,6.600852966308594
2009,7,44.702,-110.018,73.1557388305664,6.579171180725098,24.243999481201172,54.75,0,76.80303192138672,24.19942855834961,52.60360336303711
2009,8,44.702,-110.018,64.12147521972656,0,66.7564926147461,105.5,0,64.80110931396484,12.871740341186523,51.929386138916016
2009,9,44.702,-110.018,54.46078872680664,0,18.392000198364258,127.75,0,45.44425582885742,19.75713348388672,25.687116622924805
2009,10,44.702,-110.018,77.134613037109375,23.262062072753906,19.924358367919922,0,47.051300048828125,1.5596424341201782,1.385494351387024,0.1741480529308319
2009,11,44.702,-110.018,89.0500259399414,36.900535583496094,4.308767795562744,0,50.27876663208008,0,0,0
2009,12,44.702,-110.018,89.0500259399414,0,0,0,100.43876647949219,0,0,0
2010,1,44.702,-110.018,89.0500259399414,0,0,0,157.28677368164062,0,0,0
2010,2,44.702,-110.018,89.0500259399414,0,0,0,192.39877319335937,0,0,0
2010,3,44.702,-110.018,89.0500259399414,24.481258392333984,0,0,205.5375213623047,0,0,0
2010,4,44.702,-110.018,89.0500259399414,263.28546142578125,16.720001220703125,0,23.34406852722168,0,0,0
2010,5,44.702,-110.018,89.04778289794922,117.11756134033203,49.68011474609375,0,0.625074565410614,11.829387664794922,11.75995922088623,0.06942915171384811
2010,6,44.702,-110.018,88.28995513916016,133.66636657714844,114.7933578491211,11,0,44.34634780883789,37.204437255859375,7.141915798187256
2010,7,44.702,-110.018,71.1831283569336,0,11.704000473022461,71.5,0,78.12788391113281,23.71654510498047,54.41133117675781
2010,8,44.702,-110.018,33.34284973144531,0,29.175434112548828,120.25,1.7565677165985107,64.72437286376953,23.41340446472168,41.310970306396484
2010,9,44.702,-110.018,42.020484924316406,0,17.173938751220703,128.25,0,38.4598503112793,19.9451847076416,18.51466941833496
2010,10,44.702,-110.018,53.45055389404297,0,17.42363929748535,2.25,9.342611312866211,16.40458106994629,13.221831321716309,3.182751178741455
2010,11,44.702,-110.018,88.81727600097656,3.320234775543213,0.9410728216171265,2.25,130.31092834472656,2.9613986015319824,2.94746732711792,0.013931425288319588
2010,12,44.702,-110.018,89.0500259399414,0,0,2.25,267.4149475097656,0,0,0
2011,1,44.702,-110.018,89.0500259399414,0,0,2.25,356.866943359375,0,0,0
2011,2,44.702,-110.018,89.0500259399414,0,0,2.25,414.5509338378906,0,0,0
2011,3,44.702,-110.018,89.0500259399414,16.86043930053711,14.120156288146973,2.25,528.9425048828125,0,0,0
2011,4,44.702,-110.018,89.0500259399414,60.03936767578125,35.4751091003418,2.25,647.80712890625,0,0,0
2011,5,44.702,-110.018,89.0500259399414,439.2376403808594,127.58891296386719,2.25,376.6054992675781,0,0,0
2011,6,44.702,-110.018,88.2024917602539,429.90948486328125,52.39997482299805,9.5,0,25.176326751708984,19.664960861206055,5.511368751525879
2011,7,44.702,-110.018,72.436737060546875,0,20.900001525878906,74.5,0,82.07267761230469,26.29507064819336,55.77760314941406
2011,8,44.702,-110.018,32.18038558959961,0,15.884000778198242,138.75,0,71.66679382324219,29.382631301879883,42.28416442871094
2011,9,44.702,-110.018,24.090242385864258,0,15.745895385742188,144,0,39.78331756591797,28.40924072265625,11.374074935913086
2011,10,44.702,-110.018,62.48002624511719,8.545052528381348,36.620208740234375,1.25,24.916555404663086,8.771991729736328,7.336748123168945,1.4352439641952515
2011,11,44.702,-110.018,89.0500259399414,1.3703148365020752,1.4210854715202004e-14,1.25,134.73423767089844,0,0,0
2011,12,44.702,-110.018,89.0500259399414,0,0,1.25,198.27024841308594,0,0,0
2012,1,44.702,-110.018,89.0500259399414,0,0,1.25,277.69024658203125,0,0,0
2012,2,44.702,-110.018,89.0500259399414,0,0,1.25,364.6342468261719,0,0,0
2012,3,44.702,-110.018,89.0500259399414,185.54037475585937,28.73073387145996,1.25,267.7098693847656,0,0,0
2012,4,44.702,-110.018,89.0500259399414,340.5794982910156,23.99728775024414,1.25,12.402425765991211,1.4940118789672852,1.4940118789672852,0
2012,5,44.702,-110.018,89.047454833984375,119.36426544189453,65.24812316894531,1.25,0,25.193729400634766,25.123247146606445,0.07048055529594421
2012,6,44.702,-110.018,87.49486541748047,21.483139038085937,13.749044418334961,29.5,0,63.309120178222656,54.52484893798828,8.784276962280273
2012,7,44.702,-110.018,70.673828125,0,30.09600257873535,145.75,0,90.20552825927734,27.407838821411133,62.79769515991211
2012,8,44.702,-110.018,25.694562911987305,0,0,227,0,73.61058044433594,37.08506393432617,36.52552032470703
2012,9,44.702,-110.018,18.047039031982422,0,11.704000473022461,0,0,42.63987731933594,32.54998016357422,10.089900970458984
2012,10,44.702,-110.018,25.709402084350586,0,10.75582504272461,0,0,8.773118019104004,8.143495559692383,0.6296224594116211
2012,11,44.702,-110.018,83.87830352783203,0.6752215623855591,3.5684239864349365,0,71.313873291015625,3.0644822120666504,3.044049024581909,0.020433105528354645
2012,12,44.702,-110.018,89.0500259399414,1.4210854715202004e-14,1.4210854715202004e-14,0,184.1738739013672,0,0,0
2013,1,44.702,-110.018,89.0500259399414,0,0,0,247.7098846435547,0,0,0
2013,2,44.702,-110.018,89.0500259399414,0,0,0,294.52587890625,0,0,0
2013,3,44.702,-110.018,89.0500259399414,71.99468231201172,5.291970252990723,0,281.05120849609375,0,0,0
2013,4,44.702,-110.018,89.0500259399414,136.3772430419922,14.231224060058594,0,243.3219757080078,0,0,0
2013,5,44.702,-110.018,89.04718780517578,321.68878173828125,64.079925537109375,0,5.985733985900879,17.526206970214844,17.442777633666992,0.08342868089675903
2013,6,44.702,-110.018,88.2427749633789,39.773582458496094,33.18796920776367,26.75,0,63.759490966796875,55.78009033203125,7.979398727416992
2013,7,44.702,-110.018,71.42646789550781,9.494236946105957,42.63600540161133,136,0,89.47496032714844,29.370052337646484,60.104915618896484
2013,8,44.702,-110.018,36.341033935546875,0,12.539999961853027,228,0,75.88392639160156,27.30377769470215,48.58015060424805
2013,9,44.702,-110.018,53.741947174072266,14.08691120147705,84.73743438720703,253.25,18.968690872192383,37.33973693847656,20.505884170532227,16.833852767944336
2013,10,44.702,-110.018,88.97960662841797,79.53782653808594,21.426109313964844,0,20.900001525878906,5.362232208251953,4.764134407043457,0.5980978012084961
2013,11,44.702,-110.018,89.0453872680664,31.960529327392578,2.508000135421753,0,72.400238037109375,0,0,0
2013,12,44.702,-110.018,89.0500259399414,0,0,0,186.0962371826172,0,0,0
2014,1,44.702,-110.018,89.0500259399414,0,0,0,265.5162353515625,0,0,0
2014,2,44.702,-110.018,89.0500259399414,0,0,0,408.4722595214844,0,0,0
2014,3,44.702,-110.018,89.0500259399414,2.7012391090393066,2.7012391090393066,0,547.05499267578125,0,0,0
2014,4,44.702,-110.018,89.0500259399414,188.1040496826172,48.02979278564453,0,489.3669738769531,0,0,0
2014,5,44.702,-110.018,89.031036376953125,527.8228759765625,15.105380058288574,0.75,0,13.197998046875,13.033024787902832,0.16497497260570526
2014,6,44.702,-110.018,88.7994155883789,91.1327133178711,87.91541290283203,1.25,0,44.290462493896484,39.20975875854492,5.080700874328613
2014,7,44.702,-110.018,63.242897033691406,2.269615888595581,3.3440001010894775,86,0,85.36603546142578,29.282873153686523,56.083152770996094
2014,8,44.702,-110.018,52.11674880981445,3.2874927520751953,101.71529388427734,121,2.9223134517669678,59.95484161376953,13.56779670715332,46.38705062866211
2014,9,44.702,-110.018,86.26605987548828,58.72842788696289,61.37425231933594,130,9.079838752746582,35.466007232666016,15.9159574508667,19.550050735473633
2014,10,44.702,-110.018,88.6795883178711,43.41017150878906,10.374887466430664,0,0,15.290374755859375,12.82657527923584,2.4638006687164307
2014,11,44.702,-110.018,89.04973602294922,16.841144561767578,6.353437423706055,0,95.166717529296875,0.6077559590339661,0.6017524600028992,0.00600350322201848
2014,12,44.702,-110.018,89.0500259399414,22.91619873046875,0.43494027853012085,0,169.22653198242187,0,0,0
2015,1,44.702,-110.018,89.0500259399414,17.335113525390625,5.837283611297607,0,248.86741638183594,0,0,0
2015,2,44.702,-110.018,89.0500259399414,30.0872802734375,4.495514869689941,0,273.9561462402344,0,0,0
2015,3,44.702,-110.018,89.0500259399414,206.51382446289062,11.143970489501953,0,89.17830657958984,0,0,0
2015,4,44.702,-110.018,89.0500259399414,127.17486572265625,7.723357200622559,0,0.45944783091545105,5.960306644439697,5.960306644439697,0
2015,5,44.702,-110.018,89.043243408203125,90.60624694824219,77.31774139404297,0,0,30.62785530090332,30.45842170715332,0.16943609714508057
2015,6,44.702,-110.018,87.507720947265625,36.94449996948242,38.45600128173828,49.75,0,78.033905029296875,68.58763122558594,9.44627571105957
2015,7,44.702,-110.018,76.98564147949219,9.684183120727539,42.63600158691406,94.75,0,76.40702819824219,25.739023208618164,50.66801452636719
2015,8,44.702,-110.018,48.74824905395508,0,23.408000946044922,146.75,0,67.69208526611328,15.457026481628418,52.23505401611328
2015,9,44.702,-110.018,45.36012268066406,0,29.311208724975586,162.25,0,39.13602066040039,20.6260929107666,18.509925842285156
2015,10,44.702,-110.018,75.57759857177734,4.056415557861328,31.555816650390625,0,14.986538887023926,17.04520606994629,13.800332069396973,3.2448737621307373
2015,11,44.702,-110.018,89.0500259399414,12.319448471069336,7.578819274902344,0,69.5470962524414,0,0,0
2015,12,44.702,-110.018,89.0500259399414,0.47371557354927063,0.47371557354927063,0,187.78538513183594,0,0,0
2016,1,44.702,-110.018,89.0500259399414,0,0,0,243.79737854003906,0,0,0
2016,2,44.702,-110.018,89.0500259399414,19.789466857910156,3.3440001010894775,0,293.39593505859375,0,0,0
2016,3,44.702,-110.018,89.0500259399414,54.248138427734375,9.396559715270996,0,310.2077941894531,0,0,0
2016,4,44.702,-110.018,89.0500259399414,356.93682861328125,41.22028350830078,0,10.954924583435059,0,0,0
2016,5,44.702,-110.018,89.04422760009766,60.223785400390625,32.753883361816406,0,0,30.123653411865234,30.00909423828125,0.1145617812871933
2016,6,44.702,-110.018,87.17627716064453,22.385662078857422,23.408000946044922,40.25,0,74.458038330078125,65.25634002685547,9.201699256896973
2016,7,44.702,-110.018,73.79898834228516,22.168792724609375,34.01895523071289,109,0,77.86157989501953,23.02092933654785,54.84064865112305
2016,8,44.702,-110.018,32.50642013549805,0,25.080001831054688,166.75,0,68.36963653564453,26.6076602935791,41.761993408203125
2016,9,44.702,-110.018,49.08626937866211,0,39.62181854248047,0,0,33.59757614135742,18.227296829223633,15.370279312133789
2016,10,44.702,-110.018,88.41788482666016,148.92442321777344,65.06580352783203,0,9.723747253417969,4.7047038078308105,3.9373512268066406,0.7673529386520386
2016,11,44.702,-110.018,89.044189453125,26.577922821044922,2.5207605361938477,0,33.26568603515625,5.468833923339844,5.428696155548096,0.040137697011232376
2016,12,44.702,-110.018,89.0500259399414,1.4210854715202004e-14,1.4210854715202004e-14,0,153.64968872070313,0,0,0
2017,1,44.702,-110.018,89.0500259399414,0,0,0,247.2816925048828,0,0,0
2017,2,44.702,-110.018,89.0500259399414,9.152238845825195,4.781924247741699,0,406.16546630859375,0,0,0
2017,3,44.702,-110.018,89.0500259399414,209.68310546875,66.62659454345703,0,341.1103820800781,0,0,0
2017,4,44.702,-110.018,89.0500259399414,174.7952423095703,61.08131790161133,0,308.43511962890625,0,0,0
2017,5,44.702,-110.018,89.03641510009766,342.6172180175781,9.552247047424316,1,0,22.894620895385742,22.718624114990234,0.17599627375602722
2017,6,44.702,-110.018,88.27546691894531,65.28211975097656,59.31591033935547,17,0,57.38063430786133,50.928775787353516,6.451858043670654
2017,7,44.702,-110.018,74.9950180053711,1.0706894397735596,56.01200866699219,125.5,0,89.31961822509766,29.09684181213379,60.222782135009766
2017,8,44.702,-110.018,65.97271728515625,0,21.736000061035156,174.5,0,69.053985595703125,13.742761611938477,55.31121826171875
2017,9,44.702,-110.018,60.19379806518555,59.01091003417969,43.51801681518555,204,0,30.83184814453125,12.7588472366333,18.073001861572266
2017,10,44.702,-110.018,88.82622528076172,47.04696273803711,6.230752944946289,0,5.8520002365112305,7.107130527496338,6.137429714202881,0.969700813293457
2017,11,44.702,-110.018,89.0486068725586,60.961341857910156,15.763147354125977,0,117.92139434814453,0,0,0
2017,12,44.702,-110.018,89.0500259399414,1.4210854715202004e-14,1.4210854715202004e-14,0,237.46939086914062,0,0,0
2018,1,44.702,-110.018,89.0500259399414,0,0,0,321.06939697265625,0,0,0
2018,2,44.702,-110.018,89.0500259399414,0,0,0,474.8934020996094,0,0,0
2018,3,44.702,-110.018,89.0500259399414,24.94060516357422,7.52400016784668,0,527.7008056640625,0,0,0
2018,4,44.702,-110.018,89.0500259399414,225.1581268310547,28.436267852783203,0,423.7626953125,0,0,0
2018,5,44.702,-110.018,89.03954315185547,507.9786376953125,75.40631866455078,2,0,26.572429656982422,26.325651168823242,0.24678167700767517
2018,6,44.702,-110.018,88.4948501586914,90.621063232421875,89.80738067626953,14.5,0,57.57029724121094,51.036094665527344,6.534200668334961
2018,7,44.702,-110.018,67.73241424560547,0,11.704000473022461,114,0,87.5458755493164,28.257625579833984,59.288246154785156
2018,8,44.702,-110.018,27.813156127929687,0,33.23881149291992,171.75,0,65.8664321899414,32.468231201171875,33.39820098876953
2018,9,44.702,-110.018,33.56009292602539,0,0,178.5,0,41.812950134277344,22.045854568481445,19.767101287841797
2018,10,44.702,-110.018,56.88718032836914,2.3587403297424316,18.388526916503906,0,16.104835510253906,7.553454875946045,6.588565349578857,0.9648889303207397
2018,11,44.702,-110.018,89.0500259399414,0,7.105427357601002e-15,0,128.96484375,0,0,0
2018,12,44.702,-110.018,89.0500259399414,0,0,0,184.14083862304687,0,0,0
2019,1,44.702,-110.018,89.0500259399414,0,0,0,246.0048370361328,0,0,0
2019,2,44.702,-110.018,89.0500259399414,0,0,0,378.09283447265625,0,0,0
2019,3,44.702,-110.018,89.0500259399414,64.6694107055664,9.447522163391113,0,360.23944091796875,0,0,0
2019,4,44.702,-110.018,89.0500259399414,216.42636108398437,52.07809066772461,0,261.6890869140625,0,0,0
2019,5,44.702,-110.018,89.04426574707031,356.9520263671875,70.58012390136719,0,0,8.9408721923828125,8.829111099243164,0.11176089942455292
2019,6,44.702,-110.018,88.604766845703125,86.64598846435547,72.07806396484375,6,0,53.08323669433594,46.852115631103516,6.231120586395264
2019,7,44.702,-110.018,72.53235626220703,6.523628234863281,20.900001525878906,75,0,81.53011322021484,25.124582290649414,56.405521392822266
2019,8,44.702,-110.018,31.064468383789062,0,20.899999618530273,134.75,0,70.32848358154297,28.15266990661621,42.1757926940918
2019,9,44.702,-110.018,56.22515869140625,10.600605010986328,69.41332244873047,156.5,6.899525165557861,31.008995056152344,18.3338680267334,12.675128936767578
2019,10,44.702,-110.018,88.91876983642578,46.032379150390625,9.196000099182129,0,60.67368698120117,3.108687162399292,2.5952227115631104,0.5134644508361816
2019,11,44.702,-110.018,89.0500259399414,27.22188949584961,0,0,70.23580169677734,0,0,0
2019,12,44.702,-110.018,89.0500259399414,0,0,0,158.01580810546875,0,0,0
